firstname,sex
marie,femme
jean,homme
pierre,homme
jeanne,femme
françois,homme
joseph,homme
anne,femme
marguerite,femme
catherine,femme
louis,homme
françoise,femme
jacques,homme
antoine,homme
nicolas,homme
louise,femme
claude,homme
charles,homme
elisabeth,femme
madeleine,femme
michel,homme
etienne,homme
guillaume,homme
claudine,femme
andré,homme
yves,homme
henri,homme
antoinette,femme
julien,homme
rené,homme
rose,femme
rosalie,femme
auguste,homme
georges,homme
joséphine,femme
thérèse,femme
marianne,femme
barbe,femme
paul,homme
augustin,homme
jules,homme
mathurin,homme
suzanne,femme
alexandre,homme
julie,femme
laurent,homme
victor,homme
perrine,femme
eugène,homme
victoire,femme
dominique,homme
philippe,homme
gabriel,homme
julienne,femme
léonard,homme
magdeleine,femme
sophie,femme
henriette,femme
martin,homme
augustine,femme
emile,homme
geneviève,femme
bernard,homme
renée,femme
simon,homme
eugénie,femme
vincent,homme
mathieu,homme
alexis,homme
sébastien,homme
angélique,femme
maria,femme
pierrette,femme
maurice,homme
léon,homme
agathe,femme
virginie,femme
denis,homme
reine,femme
francois,homme
thomas,homme
caroline,femme
gabrielle,femme
gilbert,homme
benoit,homme
christine,femme
henry,homme
hélène,femme
alphonse,homme
cécile,femme
pauline,femme
anonyme,homme
alfred,homme
christophe,homme
albert,homme
charlotte,femme
victorine,femme
marthe,femme
philibert,homme
claire,femme
mathurine,femme
lucie,femme
félix,homme
barthélémy,homme
adolphe,homme
adélaide,femme
edouard,homme
adèle,femme
marc,homme
ernest,homme
mélanie,femme
silvain,homme
justine,femme
gustave,homme
alain,homme
isidore,homme
alexandrine,femme
léonarde,femme
benoite,femme
hubert,homme
yvonne,femme
germain,homme
ferdinand,homme
élisabeth,femme
constant,homme
célestine,femme
hervé,homme
étienne,homme
frédéric,homme
désiré,homme
francoise,femme
magdelaine,femme
amélie,femme
blaise,homme
adrien,homme
félicité,femme
michelle,femme
solange,femme
lucien,homme
raymond,homme
mathias,homme
camille,homme
baptiste,homme
martial,homme
toussaint,homme
philomène,femme
jacquette,femme
germaine,femme
anna,femme
marcel,homme
clémence,femme
emilie,femme
léonie,femme
berthe,femme
bertrand,homme
isabelle,femme
olivier,homme
joachim,homme
benoît,homme
agnès,femme
véronique,femme
ambroise,homme
gilles,homme
gaspard,homme
mathilde,femme
lazare,homme
clément,homme
théodore,homme
honoré,homme
etiennette,femme
clémentine,femme
célestin,homme
xavier,homme
juliette,femme
ursule,femme
valentin,homme
ignace,homme
odile,femme
edmond,homme
constance,femme
philiberte,femme
noël,homme
corentin,homme
robert,homme
arthur,homme
hippolyte,homme
elise,femme
sylvain,homme
josephine,femme
théophile,homme
jacqueline,femme
armand,homme
arnaud,homme
hortense,femme
salomé,femme
emmanuel,homme
guillemette,femme
léontine,femme
denise,femme
josephte,femme
rosine,femme
prosper,homme
elisa,femme
daniel,homme
céline,femme
marin,homme
pétronille,femme
benjamin,homme
angèle,femme
ernestine,femme
benoîte,femme
léopold,homme
florent,homme
edmé,homme
gaston,homme
florentine,femme
annette,femme
laurence,femme
edme,homme
brigitte,femme
elie,homme
hyacinthe,homme
modeste,femme
honorine,femme
david,homme
aimée,femme
gertrude,femme
fernand,homme
alice,femme
jeannette,femme
albertine,femme
adeline,femme
blanche,femme
annet,homme
jérôme,homme
aimé,homme
firmin,homme
clotilde,femme
casimir,homme
grégoire,homme
émile,homme
margueritte,femme
appoline,femme
urbain,homme
delphine,femme
julia,femme
achille,homme
désirée,femme
gilberte,femme
jacob,homme
elizabeth,femme
philippine,femme
séraphine,femme
nicole,femme
alphonsine,femme
barbara,femme
hilaire,homme
aline,femme
justin,homme
didier,homme
eve,femme
eulalie,femme
sidonie,femme
célina,femme
toinette,femme
valentine,femme
anastasie,femme
vital,homme
madelaine,femme
stéphanie,femme
florence,femme
christian,homme
flore,femme
cyprien,homme
dorothée,femme
vincente,femme
isaac,homme
pélagie,femme
olive,femme
catharina,femme
eléonore,femme
abraham,homme
félicie,femme
marius,homme
chrétien,homme
romain,homme
edmée,femme
florentin,homme
adrienne,femme
léger,homme
simone,femme
pascal,homme
guy,homme
irma,femme
octavie,femme
rémy,homme
esther,femme
stanislas,homme
goulven,homme
adolphine,femme
narcisse,homme
scholastique,femme
therese,femme
emma,femme
zoé,femme
hugues,homme
monique,femme
georgette,femme
marien,homme
radegonde,femme
lambert,homme
marcelle,femme
martine,femme
euphrasie,femme
silvine,femme
nathalie,femme
aimable,homme
allain,homme
laure,femme
adelaide,femme
lazarette,femme
prudence,femme
samuel,homme
gervais,homme
adam,homme
géraud,homme
gérard,homme
judith,femme
octave,homme
sebastien,homme
arsène,homme
séraphin,homme
barthelemy,homme
basile,homme
amand,homme
leonard,homme
amédée,homme
andre,homme
clarisse,femme
corentine,femme
paule,femme
maximilien,homme
florine,femme
zélie,femme
luc,homme
jacquine,femme
abel,homme
sara,femme
sylvie,femme
amable,homme
emiland,homme
marceline,femme
charlemagne,homme
euphrosine,femme
ollivier,homme
constantin,homme
eugene,homme
césar,homme
aloise,homme
isabeau,femme
marcellin,homme
rachel,femme
aubin,homme
magdalena,femme
mariette,femme
genevieve,femme
péronne,femme
sylvestre,homme
salomon,homme
raoul,homme
damien,homme
bernardine,femme
florimond,homme
anatole,homme
aloyse,homme
roger,homme
fanny,femme
jan,homme
angelique,femme
clara,femme
felix,homme
hyppolite,homme
antonin,homme
moise,homme
eugenie,femme
céleste,femme
maxime,homme
estelle,femme
régis,homme
rémi,homme
johannes,homme
marcelline,femme
léa,femme
rosa,femme
claudius,homme
eustache,homme
noel,homme
george,homme
valérie,femme
bonaventure,homme
cyrille,homme
léocadie,femme
césarine,femme
estienne,homme
eloi,homme
richarde,femme
andrée,femme
janne,femme
rolland,homme
colombe,femme
aurélie,femme
bertrande,femme
bernarde,femme
oscar,homme
sabine,femme
édouard,homme
anselme,homme
margaretha,femme
ambroisine,femme
sulpice,homme
placide,homme
siméon,homme
félicien,homme
francine,femme
luce,femme
richard,homme
jacquemine,femme
quirin,homme
anais,femme
napoléon,homme
paulin,homme
clovis,homme
fernande,femme
alix,femme
aristide,homme
olympe,femme
alcide,homme
roch,homme
lucienne,femme
émilie,femme
anthelme,homme
apolline,femme
brice,homme
palmyre,femme
ludivine,femme
sébastienne,femme
fleury,homme
noémie,femme
peter,homme
leon,homme
athanase,homme
rene,homme
melchior,homme
fiacre,homme
remy,homme
zacharie,homme
hermance,femme
hypolite,homme
flavie,femme
gilette,femme
marcelin,homme
colette,femme
victoria,femme
celestine,femme
tanguy,homme
emilienne,femme
dieudonné,homme
johann,homme
amé,homme
prudent,homme
régine,femme
hector,homme
médard,homme
gillette,femme
jérome,homme
zélia,femme
gratianne,femme
raymonde,femme
fleurie,femme
georg,homme
maximin,homme
amandine,femme
magloire,homme
cecile,femme
eva,femme
jenny,femme
celestin,homme
bénigne,homme
pernette,femme
élise,femme
étiennette,femme
raphaël,homme
humbert,homme
emélie,femme
balthazar,homme
helene,femme
morand,homme
boniface,homme
guilhaume,homme
joannes,homme
ludovic,homme
théodule,homme
fidéline,femme
claudette,femme
louisa,femme
scolastique,femme
fille,femme
conrad,homme
pacifique,femme
gracieuse,femme
balthazard,homme
francis,homme
héloise,femme
ismérie,femme
josette,femme
libaire,femme
eloy,homme
euphroisine,femme
silvaine,femme
appolonie,femme
claudia,femme
sicaire,homme
enfant,homme
quentin,homme
barnabé,homme
emilande,femme
fortuné,homme
josèphe,femme
malvina,femme
juste,homme
barthélemy,homme
frederic,homme
fabien,homme
bruno,homme
léonce,homme
michael,homme
saturnin,homme
ange,homme
agnes,femme
norbert,homme
engrace,femme
symphorien,homme
laurens,homme
ponce,homme
toussainte,femme
christina,femme
honorée,femme
roland,homme
adele,femme
salvat,homme
armandine,femme
aglaé,femme
fidèle,homme
guillaumette,femme
ennemond,homme
esprit,homme
georgine,femme
calixte,homme
angélina,femme
petronille,femme
thiébaut,homme
andréanne,femme
radégonde,femme
melanie,femme
lydie,femme
omer,homme
aldegonde,femme
michèle,femme
philomene,femme
mauricette,femme
vivant,homme
clothilde,femme
ulysse,homme
séverin,homme
nestor,homme
élisa,femme
amelie,femme
jeannie,femme
nicolle,femme
clemence,femme
zulma,femme
béatrice,femme
leonarde,femme
éléonore,femme
anthelmette,femme
bonnet,homme
andreas,homme
jérémie,homme
euphémie,femme
wendelin,homme
frédérique,femme
constantine,femme
bonne,femme
gasparde,femme
elophe,homme
antonia,femme
prigent,homme
prix,homme
roze,femme
augusta,femme
antonio,homme
esv,homme
clement,homme
guislain,homme
blandine,femme
ursin,homme
katharina,femme
sainte,femme
amans,homme
élie,homme
donat,homme
eusèbe,homme
leonie,femme
appolinaire,homme
sylvine,femme
emelie,femme
philbert,homme
cyr,homme
delphin,homme
lucile,femme
barthélémi,homme
heinrich,homme
généreuse,femme
hamon,homme
adelphine,femme
noëlle,femme
perpétue,femme
franceline,femme
zéphirin,homme
ida,femme
joannès,homme
onésime,homme
irénée,homme
carolina,femme
bernardin,homme
eugènie,femme
mary,homme
tugdual,homme
nathan,homme
angéline,femme
mansuy,homme
léonide,femme
jerome,homme
gengoult,homme
léandre,homme
josèphine,femme
joanny,homme
alban,homme
florian,homme
ludwig,homme
odette,femme
arnould,homme
clementine,femme
antonine,femme
nicolarde,femme
armande,femme
eleonore,femme
susanne,femme
eugéne,homme
barthélémie,femme
victorin,homme
chrisostome,homme
emilien,homme
robertine,femme
thiebaut,homme
uranie,femme
georgina,femme
herve,homme
veronique,femme
theodore,homme
peronne,femme
victorien,homme
fridolin,homme
leopold,homme
coralie,femme
angeline,femme
ildephonse,homme
francisque,homme
karl,homme
pancrace,homme
donatien,homme
albin,homme
josephe,femme
eliza,femme
perinne,femme
aurore,femme
eloise,femme
anthoine,homme
mélina,femme
alida,femme
gratien,homme
armantine,femme
romaine,femme
lucrèce,femme
durand,homme
elodie,femme
sauveur,homme
zéphir,homme
sarah,femme
adelina,femme
huguette,femme
roseline,femme
philipp,homme
hilarion,homme
balthasar,homme
agnan,homme
francesco,homme
baptistine,femme
dominiquette,femme
alois,homme
isaie,homme
bénoni,homme
sophia,femme
catherin,homme
charlette,femme
eudoxie,femme
clair,homme
renee,femme
giovanni,homme
valburge,femme
marion,femme
guénolé,homme
matthieu,homme
célinie,femme
giuseppe,homme
pardoux,homme
leger,homme
geoffroi,homme
cosme,homme
silvie,femme
salome,femme
sicarie,femme
mathie,femme
dominica,femme
raimond,homme
stéphane,homme
sigisbert,homme
thiébaud,homme
celine,femme
anasthasie,femme
thérése,femme
rodolphe,homme
séraphie,femme
célénie,femme
fulcrand,homme
thérèze,femme
armance,femme
domenico,homme
elvire,femme
blaize,homme
desire,homme
celina,femme
geoffroy,homme
patrice,homme
alexisse,femme
archange,homme
irène,femme
espérance,femme
del,homme
natalie,femme
nanette,femme
léopoldine,femme
fideline,femme
amédé,homme
nelly,femme
bathilde,femme
gatien,homme
francisca,femme
raphael,homme
opportune,femme
emilia,femme
lucas,homme
josephus,homme
colomban,homme
isidor,homme
vrain,homme
just,homme
liévin,homme
seraphine,femme
béatrix,femme
gracy,femme
eutrope,homme
didière,femme
nicolaus,homme
perrette,femme
joachime,femme
alexise,femme
valéry,homme
angele,femme
privat,homme
benoist,homme
marceau,homme
félicitée,femme
lucia,femme
louison,femme
arthémise,femme
aignan,homme
armel,homme
servais,homme
rufine,femme
apoline,femme
theophile,homme
caspar,homme
druon,homme
gregoire,homme
aron,homme
albine,femme
bernadette,femme
lina,femme
leontine,femme
nazaire,homme
anastase,femme
pascaline,femme
friedrich,homme
nicaise,homme
euphrasine,femme
bonnaventure,homme
gildas,homme
romary,homme
valbert,homme
peyronne,femme
albéric,homme
geraud,homme
marine,femme
sezny,homme
anastasia,femme
diebold,homme
dauphine,femme
ovide,homme
anaise,femme
bazile,homme
hermine,femme
rebecca,femme
apollonie,femme
felicite,femme
meinrad,homme
védastine,femme
élizabeth,femme
elisée,homme
urbaine,femme
ève,femme
julitte,femme
mn,homme
fils,homme
christienne,femme
émiland,homme
samson,homme
savinien,homme
clotaire,homme
thomasse,femme
carl,homme
vendelin,homme
aubine,femme
gracie,femme
séverine,femme
efflam,homme
benigne,homme
rigobert,homme
nancy,femme
maurise,femme
moyse,homme
anton,homme
jullien,homme
stephanie,femme
fulgence,homme
aprône,femme
laurentine,femme
ferréol,homme
angelina,femme
mayeul,homme
remi,homme
denys,homme
marx,homme
babette,femme
amanda,femme
clet,homme
matthias,homme
agnés,femme
chretien,homme
edith,femme
éloi,homme
adonis,homme
herminie,femme
josué,homme
ursula,femme
clarice,femme
nikolaus,homme
eustelle,femme
jonas,homme
anatoile,homme
carlos,homme
rosette,femme
silvestre,homme
joachine,femme
olga,femme
virgile,homme
rosina,femme
thiebaud,homme
sigismond,homme
lorentz,homme
pietro,homme
lubin,homme
martiale,femme
césaire,homme
bénédicte,femme
domitille,femme
angela,femme
jeanneton,femme
fortunée,femme
lisa,femme
palmire,femme
jakob,homme
zénaide,femme
théobald,homme
andréa,femme
junien,homme
adéle,femme
fanie,femme
gentien,homme
flavien,homme
héléne,femme
wilhelm,homme
aaron,homme
damas,homme
florimonde,femme
gratian,homme
thumette,femme
elisabetha,femme
brigide,femme
mathis,homme
sévère,homme
adelle,femme
clauda,femme
mélaine,homme
simonne,femme
ferdinande,femme
floris,homme
polycarpe,homme
seraphin,homme
martialle,femme
francesca,femme
izabeau,femme
périnne,femme
baruch,homme
hortence,femme
parfait,homme
cerf,homme
godefroy,homme
bastien,homme
antonius,homme
arbogast,homme
noé,homme
anicet,homme
cordule,femme
gédéon,homme
marguerithe,femme
edgard,homme
laetitia,femme
léo,homme
cyriaque,homme
jacque,homme
manuel,homme
emery,homme
antide,homme
légère,femme
erasme,homme
juvénal,homme
gracianne,femme
héléna,femme
lazard,homme
pelagie,femme
vivande,femme
honore,homme
domitilde,femme
pascale,femme
cuny,homme
franz,homme
thierry,homme
apollinaire,homme
pulchérie,femme
patern,homme
timothée,homme
pantaléon,homme
perrinne,femme
mayer,homme
agathon,homme
léonore,femme
quintien,homme
guérin,homme
desle,homme
scipion,homme
ténénan,homme
vitaline,femme
maudez,homme
mariane,femme
meyer,homme
thuriau,homme
laurian,homme
hyppolyte,homme
aglaée,femme
bertin,homme
crépin,homme
sylvaine,femme
silvin,homme
cornélie,femme
felicie,femme
horace,homme
evre,homme
petrus,homme
celeste,femme
régina,femme
maxence,femme
fanchette,femme
lucine,femme
renaud,homme
adolphie,femme
fidel,homme
hydulphe,homme
abdon,homme
dina,femme
walburge,femme
florestine,femme
numa,homme
domenge,femme
eglantine,femme
valère,homme
josepha,femme
cunégonde,femme
noyale,femme
william,homme
regina,femme
fleurine,femme
gerard,homme
paterne,homme
alcidie,femme
chrysostome,homme
geneviéve,femme
restitude,femme
phalier,homme
guillermine,femme
johanna,femme
benoni,homme
wendel,homme
émilienne,femme
mélie,femme
michelette,femme
damiane,femme
théodorine,femme
emil,homme
amant,homme
corneille,homme
vivand,homme
ronan,homme
émélie,femme
evrard,homme
yolande,femme
eusice,homme
lise,femme
bon,homme
hippolite,homme
iréné,homme
jonathan,homme
romble,homme
hermann,homme
azéma,femme
ligier,homme
philémon,homme
max,homme
placidie,femme
nabord,homme
gottfried,homme
matteo,homme
melaine,homme
memmie,homme
zoe,femme
côme,homme
marianna,femme
albanie,femme
géry,homme
paschal,homme
theresia,femme
emmanuelle,femme
philogène,homme
cesar,homme
damienne,femme
lion,homme
evariste,homme
antonie,femme
omérine,femme
gangolf,homme
guyonne,femme
maurisaz,femme
zelie,femme
rozalie,femme
innocent,homme
virgine,femme
sosthène,homme
honorat,homme
maximilienne,femme
émilande,femme
saturnine,femme
philoméne,femme
andrea,homme
barthelemi,homme
helena,femme
guigner,homme
reymond,homme
jeane,femme
thibaut,homme
walbourge,femme
adélina,femme
nonne,femme
gorgon,homme
minette,femme
paolo,homme
pol,homme
thibault,homme
bertha,femme
edgar,homme
salomée,femme
damase,homme
noelle,femme
léona,femme
mammès,homme
arsene,homme
théotiste,femme
yvon,homme
faustin,homme
anthime,homme
argentine,femme
michele,femme
christiane,femme
procule,femme
anatolie,femme
aubert,homme
gasparine,femme
karolina,femme
médéric,homme
balbine,femme
magdelène,femme
reyne,femme
catarina,femme
claudinette,femme
emerance,femme
grat,homme
arnoux,homme
tranquille,homme
austreberthe,femme
fiacrette,femme
dorothea,femme
suzette,femme
jacobus,homme
clodomir,homme
malo,homme
vidal,homme
andréas,homme
materne,homme
napoleon,homme
marié,homme
estiennette,femme
regine,femme
flora,femme
susanna,femme
james,homme
guilhem,homme
joanna,femme
bartholomé,homme
françon,femme
pétrus,homme
elysabeth,femme
franciscus,homme
firmine,femme
jane,femme
lazarine,femme
ondoyé,homme
ennemonde,femme
félicienne,femme
santa,femme
sebastienne,femme
israël,homme
tudy,homme
cléophas,homme
mardochée,homme
mathive,femme
agatha,femme
alixe,femme
pons,homme
wilhelmine,femme
adéline,femme
angéle,femme
amaury,homme
ruffine,femme
aime,homme
santo,homme
maddalena,femme
zéphirine,femme
dieudonnée,femme
quitterie,femme
sans,homme
elmire,femme
onézime,homme
odilia,femme
poncette,femme
salvy,homme
theobald,homme
oswald,homme
guinot,homme
zénobie,femme
girons,homme
loup,homme
élophe,homme
kléber,homme
cyprienne,femme
pironne,femme
aléxis,homme
ghislain,homme
pompée,femme
thècle,femme
amateur,homme
margarethe,femme
sv,homme
floride,femme
trémeur,homme
vincelette,femme
xavière,femme
thibaud,homme
elias,homme
véran,homme
walbourg,femme
cornil,homme
juliana,femme
pasquale,homme
candide,femme
grace,femme
hélaine,femme
philiberthe,femme
thiebault,homme
amélia,femme
gall,homme
hanna,femme
rambert,homme
anthoinette,femme
elzéar,homme
leocadie,femme
regis,homme
sixte,homme
alanette,femme
gaudérique,homme
fort,homme
hubertine,femme
zelia,femme
apolonie,femme
athalie,femme
blaisine,femme
cesarine,femme
florie,femme
hipolite,homme
dimanche,femme
hyacinte,homme
ester,femme
gaëtan,homme
maxellende,femme
giovanna,femme
genest,homme
maurize,femme
montaine,femme
ollive,femme
thimothée,homme
géran,homme
sylvanie,femme
fany,femme
giacomo,homme
gonzague,homme
john,homme
ulrich,homme
g,homme
périne,femme
aliette,femme
andoche,homme
antoni,homme
giraud,homme
severin,homme
bonnette,femme
cantien,homme
génie,femme
junie,femme
azeline,femme
bertranne,femme
fénelon,homme
ghislaine,femme
janvier,homme
éloy,homme
généreux,homme
perette,femme
protais,homme
romuald,homme
august,homme
epiphane,homme
valérien,homme
amicie,femme
aspasie,femme
emerence,femme
félicia,femme
benoiste,femme
cécilia,femme
donatienne,femme
aloys,homme
brunette,femme
psv,homme
armelle,femme
elvina,femme
gervaise,femme
aimee,femme
foy,femme
giulia,femme
laurentius,homme
léobon,homme
gérald,homme
marta,femme
rossoline,femme
siffrein,homme
arnold,homme
benjamine,femme
desiree,femme
hiacinthe,homme
simeon,homme
violette,femme
artémise,femme
honnoré,homme
procope,homme
rosalia,femme
eucher,homme
mélitine,femme
zénon,homme
emerentienne,femme
modestine,femme
od,homme
prospère,homme
catharine,femme
morice,homme
tristan,homme
medard,homme
prospérine,femme
carlo,homme
christmann,homme
jaquette,femme
josse,homme
perpetue,femme
philogone,homme
anathalie,femme
thiébault,homme
ursuline,femme
toussaine,femme
catherina,femme
honorade,femme
azélie,femme
baptistin,homme
chaffrey,homme
fleurette,femme
fleurisse,homme
aurelie,femme
fulgent,homme
hermence,femme
ludovicus,homme
philippa,femme
edwige,femme
gaspar,homme
quintienne,femme
bravy,homme
dorothee,femme
franziska,femme
paulette,femme
pélerin,homme
aymar,homme
cirgues,homme
lucette,femme
denize,femme
féréol,homme
patrocle,homme
urbane,femme
gustine,femme
saintin,homme
bénédictine,femme
edmee,femme
jeanette,femme
vinoc,homme
lucresse,femme
appolline,femme
stefano,homme
florimont,homme
hercule,homme
odille,femme
vindicien,homme
vitale,femme
dagobert,homme
lorenz,homme
vérain,homme
natale,homme
odilon,homme
alexine,femme
lea,femme
lehmann,homme
lucy,femme
annie,femme
evelina,femme
jude,homme
saubade,femme
sebastian,homme
simphorien,homme
thérese,femme
eléonor,homme
félice,femme
lucille,femme
abigail,femme
adrian,homme
nunzia,femme
phanie,femme
rachelle,femme
bartolomeo,homme
ismerie,femme
ermance,femme
f,femme
fortunat,homme
jeanny,femme
lievin,homme
thomase,femme
felicité,femme
jaoua,homme
nonce,homme
odon,homme
policarpe,homme
caprais,homme
annonciade,femme
bienaimé,homme
joachin,homme
almire,homme
crespin,homme
dauphin,homme
élodie,femme
myriam,femme
trophime,homme
bibiane,femme
luigi,homme
orélie,femme
angèlique,femme
arcade,homme
beatrix,femme
léonor,homme
nn,homme
dorothé,femme
eliane,femme
patient,homme
sydonie,femme
venant,homme
adelphe,homme
cécille,femme
émilien,homme
jehan,homme
carolus,homme
guilhaumette,femme
agne,femme
cyril,homme
elisé,homme
felicien,homme
isbergue,femme
anette,femme
dominico,homme
liévine,femme
teresa,femme
diane,femme
télesphore,homme
amélina,femme
josef,homme
tobie,homme
alzire,femme
gaudens,homme
hortance,femme
lisette,femme
ludan,homme
athénais,femme
elina,femme
gérand,homme
isaure,femme
théodora,femme
franois,homme
juvenal,homme
thais,femme
valerie,femme
hedwige,femme
pierette,femme
prudente,femme
polonie,femme
aurélien,homme
hans,homme
hélie,homme
denyse,femme
jouan,homme
pérrine,femme
zélina,femme
auger,homme
mamert,homme
noemie,femme
helène,femme
izaac,homme
zulmée,femme
balthazarde,femme
carmen,femme
fleurentine,femme
nephtali,homme
urbanne,femme
guillelmine,femme
martino,homme
valery,homme
éloise,femme
ursulle,femme
deile,homme
domengea,femme
héleine,femme
arnoult,homme
concorde,femme
etienette,femme
férréol,homme
désir,homme
émelie,femme
floribonne,femme
fuscien,homme
gouesnou,homme
judas,homme
jullienne,femme
ladislas,homme
marieanne,femme
walburga,femme
jacobée,femme
nicholas,homme
wilfrid,homme
anonime,homme
brévalaire,homme
chantal,femme
gilonne,femme
imbert,homme
martha,femme
maryvonne,femme
valérine,femme
desiré,homme
izabelle,femme
julianne,femme
lié,homme
ottilia,femme
savine,femme
aglaë,femme
alexina,femme
méliau,homme
perine,femme
saveria,femme
alberte,femme
crescence,femme
elysée,homme
guislaine,femme
antony,homme
archambaud,homme
ciprien,homme
salomea,femme
stephan,homme
toussine,femme
agénor,homme
emanuel,homme
emée,femme
ignazio,homme
mathieux,homme
adélaîde,femme
aymard,homme
faustine,femme
méry,homme
veran,homme
alphée,homme
divine,femme
eugen,homme
hélèna,femme
lionel,homme
maurille,homme
etiennaz,femme
frumence,homme
paulus,homme
tomaso,homme
crésence,femme
guillain,homme
vivien,homme
berthilde,femme
france,femme
bernhard,homme
caterina,femme
cézarine,femme
gérôme,homme
mari,homme
rustique,homme
floria,femme
herman,homme
mina,femme
anaclet,homme
chartier,homme
franã§ois,homme
myrtil,homme
sénateur,homme
victorice,homme
alvina,femme
appollonie,femme
hypolitte,homme
laura,femme
rieul,homme
roberte,femme
thimotée,homme
agostino,homme
chrisoline,femme
clère,femme
saubat,homme
élisée,homme
luise,femme
cladie,femme
zéa,femme
adalbert,homme
amboise,homme
gertrud,femme
guilhelme,femme
jaques,homme
jacobine,femme
lorenzo,homme
seconde,femme
alexie,femme
angelin,homme
fannie,femme
thomassine,femme
angel,homme
bienvenu,homme
budoc,homme
frantz,homme
heloise,femme
luisa,femme
saverio,homme
theresa,femme
césarie,femme
fleurant,homme
henricus,homme
hypolithe,homme
letizia,femme
similien,homme
julius,homme
zéphyr,homme
emeric,homme
israel,homme
macaire,homme
philipine,femme
jeanine,femme
othilie,femme
angéla,femme
appolonia,femme
baltazard,homme
briac,homme
charle,homme
lin,homme
mirza,femme
tiburce,homme
florette,femme
margarita,femme
noémi,femme
thiebauld,homme
vedastine,femme
ciriac,homme
isoline,femme
justinien,homme
achile,homme
florimone,femme
fréderic,homme
guiraud,homme
jerôme,homme
martinus,homme
sybille,femme
remie,femme
amande,femme
caspard,homme
charline,femme
florice,homme
m,homme
nina,femme
théodosie,femme
adolf,homme
elize,femme
andrive,femme
brieuc,homme
gérome,homme
gerson,homme
clémentin,homme
fidele,homme
filippo,homme
gentille,femme
gourgon,homme
augustave,homme
domingo,homme
elisabetta,femme
hipolyte,homme
amedee,homme
clorinde,femme
ferjeux,homme
sophronie,femme
andéol,homme
hildevert,homme
landelin,homme
léone,femme
malcy,femme
rogatien,homme
vincens,homme
adelice,femme
alex,homme
bénonie,femme
brutus,homme
cecilia,femme
cécilien,homme
gauthier,homme
lucrece,femme
yrieix,homme
agata,femme
beatrice,femme
froisine,femme
joël,homme
ferreol,homme
fleurent,homme
sylvère,homme
emerentine,femme
eusébie,femme
pulcherie,femme
reinhard,homme
suzane,femme
adelson,homme
avit,homme
barthelémy,homme
baselice,femme
florina,femme
gery,homme
gisèle,femme
jéromine,femme
alpinien,homme
angelo,homme
baltazar,homme
noélie,femme
adrianne,femme
laurette,femme
quiterie,femme
ysabelle,femme
zephirin,homme
aprone,femme
armeline,femme
fortune,homme
gothon,femme
hirma,femme
brigitta,femme
emérance,femme
ezilda,femme
genès,homme
gens,homme
jehanne,femme
lia,femme
raoulette,femme
yacinthe,femme
alexander,homme
alise,femme
austremoine,homme
barthelemie,femme
chrétienne,femme
giles,homme
herlé,homme
micheline,femme
prospert,homme
vaast,homme
domice,homme
mortné,homme
paula,femme
thimothé,homme
bastienne,femme
deil,homme
franã§oise,femme
jaque,homme
prince,homme
quiric,homme
sabin,homme
aymé,homme
fleurance,femme
fleurice,femme
heleine,femme
zoée,femme
athanaise,femme
églantine,femme
gille,homme
hermand,homme
ismaël,homme
modéré,homme
nicolao,homme
olry,homme
agathange,homme
amed,homme
elia,femme
floréal,homme
guyon,homme
lydia,femme
marcou,homme
margareta,femme
soulange,femme
walbourgue,femme
franck,homme
furcy,homme
gontran,homme
hayem,homme
marcus,homme
nonna,homme
romaric,homme
yvan,homme
alicia,femme
bily,homme
cassien,homme
martina,femme
pamphile,homme
richardis,femme
caradec,homme
léonille,femme
sigismund,homme
tony,homme
arséne,homme
bizien,homme
eduard,homme
hylaire,homme
laurans,homme
sever,homme
aldebert,homme
athénaise,femme
felice,femme
ignatius,homme
mattea,femme
zéphyrin,homme
bélonie,femme
damarisse,femme
euphemie,femme
eusebe,homme
ildefonse,homme
ivan,homme
pasquier,homme
péronnelle,femme
théotime,homme
thérésia,femme
aglae,femme
arnaude,femme
benoitte,femme
léobin,homme
sadi,homme
zenaide,femme
agapite,homme
alberic,homme
christoph,homme
iphigénie,femme
lidie,femme
stephane,homme
zaire,femme
andreanne,femme
bertine,femme
elisabethe,femme
ephraim,homme
gabriele,femme
hélis,femme
leonce,homme
malka,femme
maury,homme
poline,femme
seligmann,homme
fabienne,femme
josèph,homme
theodule,homme
fleuri,homme
frederique,femme
gustin,homme
oliphie,femme
prudentienne,femme
caliste,homme
claudie,femme
emiliand,homme
nizier,homme
angelle,femme
clélie,femme
eymard,homme
léonidas,homme
ludovica,femme
savin,homme
serge,homme
vénérande,femme
adelin,homme
assomption,femme
chéri,homme
clette,homme
elena,femme
emérence,femme
girard,homme
gonery,homme
isidorine,femme
leo,homme
magdelene,femme
niclaus,homme
sidoine,homme
thimoté,homme
dieudonne,homme
guilain,homme
jassuda,homme
kilian,homme
michaël,homme
obéline,femme
octavien,homme
renelde,femme
sanson,homme
savinie,femme
agricol,homme
basilice,femme
christien,homme
ephrem,homme
françis,homme
sipora,femme
ysabeau,femme
charlotta,femme
doumenge,femme
emérentienne,femme
ernst,homme
giulio,homme
lazarre,homme
leandre,homme
renobert,homme
sebastianus,homme
toussain,homme
eleuthère,homme
emerantine,femme
fulcran,homme
inès,femme
manne,femme
servan,homme
tudine,femme
anthony,homme
édmé,homme
eléonie,femme
paola,femme
salvador,homme
thérésine,femme
ulric,homme
colombanne,femme
esprite,femme
eymeric,homme
georgius,homme
graci,femme
isaline,femme
jeannine,femme
karoline,femme
léonord,homme
philéas,homme
avoye,femme
exupère,homme
gaudence,femme
hypolyte,homme
madalena,femme
yvonnette,femme
adolph,homme
alodie,femme
apolinaire,homme
derrien,homme
elzéard,homme
englebert,homme
euphroisie,femme
josèphte,femme
maxellence,femme
noêl,homme
priest,homme
bertille,femme
come,homme
gotton,femme
héliodore,homme
hortensia,femme
inommé,homme
jeannet,homme
liboire,homme
rémond,homme
saturine,femme
allanette,femme
glossinde,femme
ondoyée,femme
pie,homme
quéric,homme
usmarine,femme
voltaire,homme
cléophée,femme
francisco,homme
gaspart,homme
gottlieb,homme
guerin,homme
laurente,femme
orphise,femme
rousse,femme
antoinnette,femme
cado,homme
chrisostôme,homme
clairette,femme
joannis,homme
lézin,homme
melina,femme
théodor,homme
winoc,homme
alidor,homme
amalia,femme
émilia,femme
fleuris,homme
guillemine,femme
norbertine,femme
péronelle,femme
principe,homme
rufin,homme
théodose,homme
timoléon,homme
vast,homme
zélima,femme
albain,homme
batilde,femme
bazille,homme
claudaz,femme
gaétan,homme
abeline,femme
adhémar,homme
apollonia,femme
aymée,femme
guinolay,homme
hillaire,homme
lazaire,femme
lorent,homme
morandus,homme
nicodème,homme
polixine,femme
usmar,homme
christin,homme
chrysoline,femme
domitile,femme
juliane,femme
maur,homme
mayol,homme
zoë,femme
aminthe,femme
anasthase,homme
edmonde,femme
géral,homme
indéfini,homme
nabor,homme
nannette,femme
thomasine,femme
vitalis,homme
yvette,femme
zéline,femme
cadet,homme
fronton,homme
gengoulph,homme
guillem,homme
margaritha,femme
priscille,femme
rébecca,femme
tremeur,homme
zephir,homme
amante,femme
corinne,femme
irene,femme
maguerite,femme
onesime,homme
symphorose,femme
therèse,femme
vitalle,femme
basilide,femme
jacquotte,femme
joséph,homme
juan,homme
ruffin,homme
silvère,homme
stillborn,homme
symphorienne,femme
ursine,femme
agapit,homme
anita,femme
aphrodise,homme
aventin,homme
balthasard,homme
idalie,femme
louize,femme
nickel,homme
primel,homme
raymondine,femme
servanne,femme
sibille,femme
stella,femme
ursmer,homme
venance,homme
vorle,homme
agricole,homme
airy,homme
alina,femme
alma,femme
astasie,femme
chérie,femme
clere,femme
esmé,homme
fébronie,femme
florentz,homme
germanie,femme
justina,femme
méen,homme
mort,homme
rosaline,femme
timothé,homme
alfreda,femme
célie,femme
clorinthe,femme
domitien,homme
éliza,femme
lambertine,femme
polydore,homme
thérésa,femme
tulle,femme
wolfgang,homme
artus,homme
babet,femme
celenie,femme
colombane,femme
ermine,femme
euranie,femme
gabrièle,femme
gratienne,femme
innocente,femme
josias,homme
julite,femme
liza,femme
margareth,femme
oury,homme
suzanna,femme
thuriane,femme
vincence,femme
alexandra,femme
cajetan,homme
henrich,homme
maximien,homme
péroline,femme
thénénan,homme
aubertine,femme
claris,femme
eric,homme
géraude,femme
isabella,femme
phillipe,homme
severine,femme
zelmire,femme
adéodat,homme
albane,femme
barnabe,homme
bélanie,femme
bérénice,femme
eveline,femme
florisse,femme
gracian,homme
léoncie,femme
mammes,homme
mémie,homme
messidor,homme
nicolade,femme
orsola,femme
philipe,homme
aloysius,homme
arnauld,homme
aurélia,femme
euphanie,femme
foi,femme
homère,homme
jammes,homme
josé,homme
urbin,homme
brigite,femme
chiara,femme
christ,homme
edward,homme
esperance,femme
félise,femme
fidélie,femme
fromette,femme
gondrice,femme
huberte,femme
paisible,femme
thereze,femme
wiry,homme
adélie,femme
aldégonde,femme
amelina,femme
cyriac,homme
diogène,homme
genevièvre,femme
gui,homme
guilbert,homme
infant,homme
isabel,femme
jonathas,homme
kleber,homme
matilde,femme
sébastian,homme
annick,femme
cazimir,homme
christophle,homme
édith,femme
elphège,homme
guérine,femme
joan,homme
marty,homme
mathurinne,femme
nsv,homme
olympie,femme
osithe,femme
armentine,femme
flory,homme
frix,homme
fulbert,homme
jeremie,homme
job,homme
odet,homme
sebastiano,homme
tréphine,femme
amaranthe,femme
aveline,femme
benedetto,homme
celinie,femme
darie,femme
gustav,homme
ladreyt,homme
olympiade,femme
quintin,homme
restitue,femme
romanie,femme
angelica,femme
appolinie,femme
arméline,femme
barnabée,femme
eleonor,homme
emeline,femme
florida,femme
genet,homme
gobrien,homme
guilhalme,femme
othon,homme
vidian,homme
vivante,femme
blondine,femme
borach,homme
domenica,femme
gérasime,homme
guénin,homme
heymann,homme
jumeau,homme
léonel,homme
odot,homme
olivia,femme
ouen,homme
rolande,femme
théofrède,homme
thurianne,femme
willibald,homme
zozime,homme
cathrine,femme
clémente,femme
cristine,femme
damassine,femme
eugenia,femme
gertrudis,femme
lodoiska,femme
remiette,femme
thérence,femme
tobias,homme
vallier,homme
anastaise,femme
azéline,femme
basilisse,femme
célanie,femme
elaine,femme
evelyne,femme
gauderique,homme
mery,homme
noëlie,femme
silvestro,homme
taurin,homme
alcime,homme
bernade,femme
goal,homme
godelive,femme
goudchaux,homme
haude,femme
magdaleine,femme
margaret,femme
nicolette,femme
noë,homme
simonette,femme
stephanus,homme
audouin,homme
catalina,femme
eliacin,homme
floribert,homme
fritz,homme
frosine,femme
johan,homme
jossine,femme
natalis,homme
renelle,femme
septime,homme
vivent,homme
basilique,femme
bélisaire,homme
catiche,femme
charité,femme
emérantine,femme
emilian,homme
gracien,homme
helaine,femme
jacinthe,femme
livia,femme
rèmy,homme
thadée,homme
verain,homme
vittoria,femme
aman,homme
arbogaste,homme
cirille,homme
dominiquaz,femme
gérardine,femme
mauriza,femme
napoleone,homme
pasquin,homme
renault,homme
saubadine,femme
theodor,homme
vorles,homme
clary,femme
eufroisine,femme
hélion,homme
huguet,homme
katherine,femme
libère,femme
maffre,homme
marina,femme
mireille,femme
vindicienne,femme
aglaure,femme
alzina,femme
anatalie,femme
arthémon,homme
azémia,femme
corneil,homme
eglé,femme
guilaume,homme
louyse,femme
vulfran,homme
affre,femme
alisse,femme
bartholomée,femme
cirice,homme
couronne,femme
damarice,femme
desirée,femme
dominicus,homme
eliana,femme
frederick,homme
jacquême,femme
marinette,femme
martinien,homme
olimpe,femme
seligman,homme
tudec,homme
agate,femme
carole,femme
damasse,homme
ella,femme
françine,femme
herveline,femme
leopoldine,femme
pourçain,homme
séphora,femme
vincenzo,homme
amarante,femme
engelbert,homme
friederich,homme
hartmann,homme
herménégilde,femme
hospice,homme
joaquim,homme
laëtitia,femme
léonne,femme
madeline,femme
mortnée,femme
pancras,homme
salvi,homme
thèrèse,femme
alexia,femme
andres,homme
andrieu,homme
annibal,homme
arnault,homme
arthemise,femme
emiliane,femme
erhard,homme
esme,homme
éva,femme
genereuse,femme
gentil,homme
gertruda,femme
graziosa,femme
hélenne,femme
philipette,femme
placidine,femme
verane,femme
yvone,femme
anathoile,homme
andréane,femme
andree,femme
bessel,femme
chaterine,femme
climène,femme
doucette,femme
elouan,homme
fidéle,homme
frida,femme
gilibert,homme
henrietta,femme
josephina,femme
leonide,femme
liesse,femme
lorette,femme
moricette,femme
oliva,femme
otto,homme
secondine,femme
spire,homme
théophane,homme
thérèsia,femme
thimoléon,homme
thoinette,femme
werner,homme
wilhelmina,femme
alour,homme
aynard,homme
béate,femme
bianca,femme
bologne,femme
evodie,femme
guillonne,femme
hippolythe,homme
jost,homme
marcantonio,homme
moritz,homme
regnault,homme
rollande,femme
syre,femme
adel,femme
antelme,homme
battista,homme
blasius,homme
cathérine,femme
egide,homme
émerance,femme
gaetan,homme
georgia,femme
gonzalve,homme
héand,homme
honorate,femme
janette,femme
josephette,femme
sorlin,homme
thurienne,femme
adèlaide,femme
augustinus,homme
cézaire,homme
didiere,femme
emilland,homme
florestan,homme
franoise,femme
galle,homme
goeury,homme
jacquinne,femme
jospeh,homme
philidor,homme
rosaly,femme
amelia,femme
andréaz,femme
angely,homme
armante,femme
coelina,femme
emilianne,femme
erminie,femme
genes,homme
giacinto,homme
gillonne,femme
joanne,femme
joannet,homme
landry,homme
léonise,femme
ludovique,femme
lupien,homme
mansui,homme
mnm,homme
omerine,femme
précieuse,femme
reynaud,homme
seurette,femme
souveraine,femme
vérène,femme
affra,femme
avoie,femme
azema,femme
bernadine,femme
délie,femme
elisabet,femme
gemme,femme
nephtalie,homme
pancrasse,homme
philemon,homme
sincère,homme
tharsile,femme
thecle,femme
a,homme
donate,femme
florentius,homme
guillalme,femme
lazarde,femme
mathée,femme
mauricia,femme
pétroline,femme
rosemonde,femme
sernin,homme
tite,homme
ulalie,femme
ursmar,homme
ariste,homme
azoline,femme
bauduin,homme
deny,homme
geronimo,homme
lacombe,homme
liphard,homme
louys,homme
ludovie,femme
margerite,femme
marielle,femme
mériadec,homme
miguel,homme
pelerin,homme
philip,homme
pierrine,femme
ruben,homme
vigor,homme
xfils,homme
amalie,femme
angette,femme
barthélèmy,homme
benedetta,femme
cidonie,femme
dalila,femme
dupré,homme
ellen,femme
ermence,femme
fénélon,homme
fleurantine,femme
fursy,homme
gladie,femme
gustavie,femme
josselin,homme
pedro,homme
quénan,homme
seraphie,femme
vérane,femme
victurnien,homme
arthus,homme
bernardus,homme
blaisie,femme
cristophe,homme
demet,homme
ferdinant,homme
gérarde,femme
hermant,homme
hindel,femme
pipe,homme
quentine,femme
raimonde,femme
réparate,femme
roman,homme
saloméa,femme
veronica,femme
vinard,homme
abéline,femme
alfrédine,femme
barthélemie,femme
bastiano,homme
baudile,homme
bibianne,femme
bibienne,femme
bieuzy,homme
cassiodore,homme
damaris,femme
ermeline,femme
fleuret,homme
fulcrande,femme
godefroi,homme
hughes,homme
léodie,femme
ludovine,femme
maudé,homme
zénobe,homme
adine,femme
angella,femme
apollon,homme
athanasie,femme
barthélémine,femme
basle,homme
clemens,homme
collette,femme
cornille,homme
emelina,femme
faron,homme
floribonde,femme
frieda,femme
guilhemette,femme
hana,femme
hélene,femme
hélix,femme
homérine,femme
irmine,femme
jéronime,femme
léocardie,femme
matern,homme
moreil,homme
noëline,femme
ortance,femme
philippus,homme
remèze,homme
tancrède,homme
usmérie,femme
valence,femme
x,femme
xiste,homme
alfons,homme
andrieux,homme
daria,femme
epiphanie,femme
erasmus,homme
évariste,homme
gonéry,homme
hermeline,femme
lievine,femme
nancie,femme
phillippe,homme
amede,homme
anseline,femme
brigida,femme
camilla,femme
chrisotome,homme
emérentine,femme
enriette,femme
foulques,homme
franciska,femme
front,homme
gand,homme
hylarion,homme
janeton,femme
laurencie,femme
laurencine,femme
nadine,femme
second,homme
silas,homme
valbourg,femme
vincense,femme
arnoul,homme
balsamie,femme
benedict,homme
dévote,femme
elizabet,femme
gengoul,homme
giron,homme
josefa,femme
magdalaine,femme
marcello,homme
mario,homme
optat,homme
phany,femme
quiriace,homme
rocco,homme
rupert,homme
stephen,homme
theobaldus,homme
zéphire,homme
albérique,homme
alfonse,homme
basilie,femme
bravi,homme
brendel,femme
célerine,femme
cesaire,homme
cyrice,homme
damarise,femme
diana,femme
elyse,femme
elzear,homme
fleur,femme
ludgarde,femme
maixent,homme
mnf,femme
paulina,femme
piere,homme
salvadore,homme
silvanie,femme
thaurin,homme
thépault,homme
viatre,homme
zéphérine,femme
zilda,femme
zima,femme
adélia,femme
aldéric,homme
ambrosius,homme
anriette,femme
anthèlme,homme
aure,femme
benedictine,femme
benedictus,homme
cléonice,femme
eglée,femme
elisabette,femme
fabiana,femme
fabrice,homme
gobert,homme
guillalmette,femme
guillaumine,femme
hermenegilde,homme
julian,homme
marguerie,femme
pantaleon,homme
paschaline,femme
paulonie,femme
polixène,femme
télésphore,homme
valéri,homme
valier,homme
vorlette,femme
adelbert,homme
alphons,homme
amour,homme
antoinaz,femme
bathélémy,homme
bernardino,homme
blimont,homme
clairine,femme
dorothéa,femme
genneviève,femme
gentile,femme
guillelme,femme
guitton,femme
j,homme
jennie,femme
line,femme
marque,femme
merlé,femme
mesmin,homme
monica,femme
raine,femme
salvin,homme
walter,homme
aimard,homme
alcine,femme
alessandro,homme
amèlie,femme
bella,femme
brebion,femme
caterine,femme
catherinne,femme
cyrile,homme
cyrus,homme
fabian,homme
gal,homme
geffroy,homme
ignatz,homme
ildephonsine,femme
jacobé,femme
lajeunesse,homme
léocade,femme
lizier,homme
madelon,femme
marcantonia,femme
michellaz,femme
n,homme
raulin,homme
ruphine,femme
simond,homme
suzon,femme
adelphie,homme
aimery,homme
antoinne,homme
barthélemi,homme
brandan,homme
cerice,homme
chrisosthome,homme
cirile,homme
emmelie,femme
emmeline,femme
emond,homme
fidèline,femme
geofroi,homme
johannès,homme
julianna,femme
jullie,femme
jumeaux,homme
libert,homme
louisette,femme
louvent,homme
mamès,homme
nélie,femme
nellie,femme
patrick,homme
tristant,homme
ursanne,homme
zaccharie,homme
ambroggio,homme
andrew,homme
andronique,homme
benedicte,femme
chrisogone,homme
ciriaque,homme
cléonie,femme
damasine,femme
divy,homme
eymery,homme
hippolytaz,femme
hugue,homme
isodore,homme
livie,femme
mathilda,femme
menge,homme
nunzio,homme
othilia,femme
ramon,homme
salvatore,homme
sébastianus,homme
thérèsine,femme
urban,homme
urbine,femme
aima,femme
alfonso,homme
alfréda,femme
alfredine,femme
ameline,femme
cir,homme
cire,femme
constand,homme
crepin,homme
darius,homme
elzeard,homme
emerentiane,femme
emiliande,femme
ethienne,homme
hilarie,femme
himère,homme
hyppolithe,homme
ithier,homme
jacobea,femme
jasmin,homme
létitia,femme
magdaléna,femme
mariano,homme
oside,femme
philadelphe,homme
sylvia,femme
titus,homme
vélina,femme
agile,homme
allexis,homme
ame,homme
amon,homme
bonaventura,homme
couronné,homme
déodat,homme
edouart,homme
éléonor,homme
emé,homme
euge,homme
eugénia,femme
gébertrude,femme
guenole,homme
hersilie,femme
hirtz,homme
idoux,homme
isai,homme
ismael,homme
joackim,homme
libéral,homme
ludger,homme
magdalèna,femme
miette,femme
obeline,femme
pharailde,femme
philomena,femme
philoxime,homme
ramond,homme
sn,homme
thérèsa,femme
verena,femme
victorinne,femme
villars,homme
wenceslas,homme
albanne,femme
allour,homme
anselm,homme
arsenne,femme
auxiliatrice,femme
bengude,femme
cattarina,femme
cornelie,femme
cyre,femme
emerantienne,femme
gregorio,homme
illisible,homme
joséphe,femme
juana,femme
lange,homme
magdalene,femme
mindel,femme
nicoline,femme
onésiphore,homme
porphyre,homme
rosalinda,femme
rosalinde,homme
stéphan,homme
ugénie,femme
wulfran,homme
yseult,femme
armide,femme
belle,femme
bernardo,homme
bilyenne,femme
boscat,homme
claudien,homme
erneste,homme
ezéchiel,homme
faustina,femme
giacominetta,femme
guillauma,femme
helenne,femme
hirsch,homme
judes,homme
jule,homme
luciano,homme
lyon,homme
magdelena,femme
maurisa,femme
ortense,femme
osmin,homme
palma,femme
palmyr,homme
parfaite,femme
prospere,homme
quantin,homme
quinibert,homme
remond,homme
roselyne,femme
séraphique,femme
serein,homme
simplice,homme
thr,femme
tudyne,femme
ustelle,femme
victorie,femme
zémia,femme
attale,homme
barthlmy,homme
baudouin,homme
garçon,homme
gautier,homme
hermandine,femme
honoree,femme
liébert,homme
médart,homme
persile,femme
pierrre,homme
réol,homme
simonde,femme
stefan,homme
théobaldus,homme
vérand,homme
wendelinus,homme
zenobie,femme
abélard,homme
alexi,homme
alphé,homme
améline,femme
ananie,femme
appollinaire,homme
aubierge,femme
auxile,homme
breinel,femme
cecille,femme
cézar,homme
claudy,homme
eléontine,femme
francisse,homme
gangolph,homme
guiseppe,homme
guttel,femme
hectorine,femme
hégésippe,homme
hermantine,femme
ignaz,homme
laurine,femme
ligière,femme
marco,homme
nectaire,homme
poncet,homme
quilicus,homme
roc,homme
serafina,femme
sire,femme
valentinus,homme
anaisse,femme
aquilin,homme
arcène,homme
bartholomeus,homme
batta,homme
bénédict,homme
bénine,femme
cunegonde,femme
dominik,homme
edmont,homme
éliane,femme
elsa,femme
émmanuel,homme
firmain,homme
germer,homme
hiérome,homme
jérémy,homme
libérale,femme
lucius,homme
manette,femme
mariola,femme
maturin,homme
meriam,femme
noelie,femme
noéline,femme
ophélie,femme
patience,femme
phillipine,femme
praxède,femme
remacle,homme
roberde,femme
s,femme
telesphore,homme
thobias,homme
vénérante,femme
vitalie,femme
amarin,homme
aménaide,femme
augustina,femme
auxilia,femme
boson,homme
cléophine,femme
eleuther,homme
engelhard,homme
félixe,femme
fleurestine,femme
florance,femme
francille,femme
frédérick,homme
genoveva,femme
geromina,femme
guilhelmette,femme
gury,homme
hélise,femme
hiacinte,homme
ildéphonse,homme
jeannne,femme
margarida,femme
mariuccia,femme
milande,femme
nicklaus,homme
olinda,femme
ozélia,femme
pîerre,homme
rosanne,femme
satur,homme
severe,homme
tonine,femme
vulfranc,homme
y,homme
adélayde,femme
agnese,femme
ambroisie,femme
berthile,femme
cerise,femme
cilinie,femme
dosithée,homme
dsir,homme
elis,femme
eugenne,femme
fanni,femme
flour,homme
fortis,homme
goetschel,homme
herbert,homme
jacobe,femme
jeanbaptiste,homme
jucondin,homme
judique,femme
mandé,homme
marcantea,femme
marian,homme
maximillien,homme
mercure,homme
méven,homme
moyses,homme
onezime,homme
oudette,femme
p,homme
pérette,femme
prisca,femme
prosperine,femme
raimon,homme
romée,homme
sylvin,homme
théoline,femme
thurien,homme
victoric,homme
vincende,femme
virginia,femme
ythier,homme
zelina,femme
adelayde,femme
agnesse,femme
alfrède,homme
aloèèse,homme
amandus,homme
antime,homme
armant,homme
assiscle,homme
audivine,femme
batiste,homme
benel,homme
béranger,homme
cain,homme
celestina,femme
dorotea,femme
elizée,homme
emerie,homme
euchaire,homme
fenelon,homme
fidelle,homme
franc,homme
garcon,homme
herrmann,homme
hypollite,homme
izidore,homme
léonisse,femme
lippmann,homme
manon,femme
marcien,homme
mariejeanne,femme
miriam,femme
nataline,femme
nerte,femme
romarin,homme
romulus,homme
rudolphe,homme
sérène,femme
siegfried,homme
teodora,femme
thiery,homme
unité,femme
vulgan,homme
walburg,femme
xfille,femme
adoline,femme
adonia,femme
alfrede,homme
aloÿse,homme
apolonia,femme
ariadne,femme
arménie,femme
arnestine,femme
athanas,homme
basiline,femme
baudille,homme
breinlé,femme
camil,homme
célérine,femme
crisoline,femme
enimie,femme
epvre,homme
euphasie,femme
euphrosyne,femme
fides,femme
franchette,femme
frise,femme
fructueux,homme
gaucher,homme
gratie,femme
jacquème,femme
juny,femme
laurant,homme
lazar,homme
leona,femme
luglien,homme
luiggi,homme
luis,homme
mammés,homme
mative,femme
méline,femme
mérance,femme
moses,homme
nicollas,homme
pellerin,homme
philberte,femme
rémie,femme
renè,homme
rosane,femme
servois,homme
tanneguy,homme
télémaque,homme
absalon,homme
adelgonde,femme
adelise,femme
anténor,homme
auxibi,homme
consoline,femme
domithilde,femme
elies,homme
emmélie,femme
ernier,homme
esaie,homme
fiacrine,femme
fillette,femme
folquin,homme
gauzelin,homme
germinal,homme
giorgio,homme
glaude,homme
goton,femme
gratiane,femme
gudule,femme
gustavine,femme
hieronymus,homme
hugo,homme
judithe,femme
liberté,homme
mathaus,homme
maureil,homme
mederic,homme
orpha,femme
pascalie,femme
pétronelle,femme
philippette,femme
raoult,homme
réole,homme
rhodène,femme
vogel,femme
zéphyrine,femme
adelaîde,femme
algis,homme
almir,homme
alpin,homme
anet,homme
anthyme,homme
aramis,homme
christianus,homme
chrysole,homme
duminie,femme
estella,femme
estève,homme
gerome,homme
giabica,femme
godchaux,homme
guilhen,homme
héli,homme
hermina,femme
idulphe,homme
isaias,homme
lèonard,homme
lezin,homme
liliane,femme
linus,homme
magdelenne,femme
mérantine,femme
montain,homme
nicéphore,homme
paméla,femme
pey,homme
philipinne,femme
psalmet,homme
rudolf,homme
thuriaf,homme
ubald,homme
ulisse,homme
vicente,homme
viktor,homme
xaver,homme
zélida,femme
zénais,femme
adelheid,femme
adriane,femme
aldonce,homme
amedée,homme
andrés,homme
aubain,homme
aymeric,homme
cesare,homme
clautilde,femme
edma,femme
eléonord,homme
eline,femme
elisee,homme
émérance,femme
emerencienne,femme
euchariste,homme
fanélie,femme
florimonne,femme
fogel,femme
frasie,femme
frézal,homme
fructus,homme
gratieuse,femme
héribert,homme
hermante,femme
ildut,homme
joanni,homme
joséphin,homme
josue,homme
judicaël,homme
liénard,homme
madelène,femme
mindlé,femme
mondane,femme
nonciade,femme
osée,homme
paschale,femme
pépin,homme
peronnelle,femme
phrasie,femme
sélima,femme
sigmund,homme
toine,homme
vierge,femme
andrésine,femme
anstett,homme
ariette,femme
arthurine,femme
aymon,homme
begnine,femme
béloni,homme
berthille,femme
cantienne,femme
cathelin,homme
céléstine,femme
crescent,homme
debora,femme
dosithé,homme
douce,femme
eléonard,homme
emerancienne,femme
érasme,homme
esmée,femme
évrard,homme
fare,femme
fleurye,femme
gallus,homme
geneix,homme
giacinta,femme
gibrien,homme
gillion,homme
helis,femme
hervée,femme
laetizia,femme
leyen,femme
manassé,homme
miquel,homme
napoléone,femme
noe,homme
odyle,femme
pasquino,homme
perrone,femme
philigone,homme
sampiero,homme
saül,homme
théophine,femme
viviane,femme
wilhem,homme
ana,femme
anatoille,femme
andrette,femme
andrienne,femme
annon,homme
ansbert,homme
anthonin,homme
apauline,femme
arzélie,femme
auxence,homme
barach,homme
calixtine,femme
clémens,homme
elisabelle,femme
elma,femme
emélia,femme
euzèbe,homme
fani,femme
flaminia,femme
fleuribonne,femme
floriane,femme
fromet,femme
gengoulf,homme
germine,femme
géronime,femme
hyppolitte,homme
ildevert,homme
innocence,femme
ives,homme
jacquemette,femme
josépha,femme
lã©onard,homme
mammert,homme
marat,homme
margherite,femme
mellon,homme
nymphe,femme
obline,femme
odilie,femme
perroline,femme
petronella,femme
petronelle,femme
sélina,femme
theodorine,femme
vinebault,homme
wolff,homme
adjutor,homme
alexy,homme
ambrosine,femme
arthème,homme
athanais,femme
binjamin,homme
camélia,femme
cléopha,femme
cristofaro,homme
damianne,femme
domitine,femme
elien,homme
elizabette,femme
elvira,femme
ely,homme
emélina,femme
emérantienne,femme
erme,homme
eugin,homme
euphénie,femme
euphrosie,femme
euverte,homme
florianne,femme
gothard,homme
grimonie,femme
guiguitte,femme
guillelmette,femme
gurval,homme
helie,homme
iréne,femme
irenee,homme
issac,homme
jeanty,homme
jénie,femme
jérosme,homme
joanès,homme
joas,homme
jourdain,homme
julina,femme
jumelle,femme
laurance,femme
leodegarius,homme
lisbeth,femme
lorence,femme
nennecy,femme
nicolasse,femme
octavia,femme
paquin,homme
prothais,homme
savinienne,femme
scheinel,femme
scipione,homme
siffroy,homme
tanche,femme
thécla,femme
theodora,femme
thiébaude,femme
trinité,femme
ursmarine,femme
valerien,homme
vallery,homme
vendicien,homme
wulphy,homme
xavérine,femme
adelphin,homme
adhélard,homme
aglore,femme
aldric,homme
alphonce,homme
amynthe,femme
astorg,homme
basil,homme
c,femme
christophine,femme
colin,homme
colombain,homme
cornelius,homme
démet,homme
diebolt,homme
donade,femme
eleuthere,homme
elida,femme
filius,homme
fleurence,femme
florens,homme
florinne,femme
gengon,homme
godeline,femme
goual,homme
guillen,homme
henrie,femme
hidulphe,homme
honeste,homme
isménie,femme
jose,homme
ludwine,femme
mariana,femme
maxent,homme
medulphe,homme
milliau,homme
mitre,homme
nanon,femme
noëmie,femme
orphina,femme
ours,homme
peronelle,femme
polidor,homme
pomponne,homme
protésie,femme
raphaëlle,femme
tenenan,homme
valerine,femme
adna,femme
alcibiade,homme
aloysia,femme
alyre,homme
angély,homme
annais,femme
aristine,femme
athenais,femme
bartholome,homme
camillo,homme
catterina,femme
céran,homme
chrysogone,homme
chrysostôme,homme
coraly,femme
crispine,femme
dolorès,femme
doria,femme
drausin,homme
edel,femme
emerite,femme
eugêne,homme
fradel,femme
franðcois,homme
gaudéric,homme
gerald,homme
gérémie,homme
gorgonie,femme
humbertine,femme
jeremias,homme
jouanna,femme
leonhard,homme
liebert,homme
lucrezia,femme
madleine,femme
magnance,femme
mamet,homme
mansuet,homme
meleine,homme
mélia,femme
mélite,femme
méric,homme
meriem,femme
milie,femme
militine,femme
mimie,femme
mondine,femme
pallade,homme
paulexine,femme
riagat,homme
rosia,femme
sulamite,femme
thélo,homme
thermidor,homme
thiebold,homme
vanne,homme
wallerand,homme
xenfant,homme
adonise,femme
agostina,femme
allyre,homme
aloisius,homme
amédine,femme
anatoline,femme
andreaz,femme
andriette,femme
angelon,homme
anglebert,homme
anthèlmette,femme
arlette,femme
audille,femme
bébé,homme
belloni,homme
bellonie,femme
cecilien,homme
chérubin,homme
cléonisse,femme
clorie,femme
cordula,femme
corine,femme
cybard,homme
devote,femme
emilion,homme
enselme,homme
exavier,homme
fanchon,femme
fauste,femme
felicia,femme
fraimbault,homme
geofroid,homme
godfroy,homme
honora,femme
hubertus,homme
hyacynthe,femme
jéran,homme
junior,homme
lacroix,homme
laurand,homme
léonice,femme
léontin,homme
lodie,femme
longin,homme
lucain,homme
marquette,femme
marquise,femme
maximine,femme
mercedes,femme
myrthil,homme
nicolo,homme
olifie,femme
orosie,femme
palamède,homme
phillibert,homme
probace,homme
prothin,homme
rock,homme
rosella,femme
sibylle,femme
silvinne,femme
souverain,homme
tangui,homme
théodosine,femme
théodullaz,femme
théraise,femme
adulphe,homme
afra,femme
agapithe,homme
alcindor,homme
alexite,femme
anasthasia,femme
angelika,femme
anthelma,femme
arlestine,femme
audoin,homme
aurèle,homme
balzamie,femme
cazarie,femme
cezarine,femme
clermonde,femme
clermone,femme
clodomire,femme
cora,femme
didace,homme
édmée,femme
emelia,femme
emerante,femme
émerence,femme
emir,homme
emn,homme
espérie,femme
estel,femme
fançois,homme
fernando,homme
flamine,femme
floriant,homme
fortuna,homme
friederika,femme
genevievre,femme
géraldine,femme
haim,homme
helix,femme
hoche,homme
ingénu,homme
joacine,femme
lavinie,femme
léonine,femme
lucide,femme
marguerit,femme
marit,homme
marquerite,femme
melchiotte,femme
méleine,homme
noële,femme
nouel,homme
onésipe,homme
pancrazio,homme
peironne,femme
philippaz,femme
piat,homme
slanie,femme
ventura,homme
xaverius,homme
ysidore,homme
adélice,femme
adolfo,homme
agenor,homme
almyre,homme
andrine,femme
attala,femme
avenant,homme
azarie,homme
bartélémy,homme
bénite,femme
benonie,homme
bérangère,femme
bienvenue,homme
blanquette,femme
blümel,femme
caherine,femme
camile,homme
clorine,femme
clotide,femme
crescentia,femme
crespine,femme
danielle,femme
dominicaz,femme
élysée,homme
fabius,homme
félécité,femme
félicissime,homme
fiacrée,femme
fleurimond,homme
francia,femme
frédèric,homme
genny,femme
géorgine,femme
gestin,homme
hildebert,homme
irenée,homme
jachet,femme
jaquine,femme
jeaneton,femme
joel,homme
katarina,femme
konrad,homme
lauren,homme
laurentin,homme
leonardus,homme
magdelon,homme
manuelle,femme
marcienne,femme
margherita,femme
mariam,femme
melie,femme
nicola,homme
odde,femme
onézine,homme
pelage,homme
persévérance,femme
pharaon,homme
plaisance,femme
polydor,homme
polyxène,femme
quilico,homme
riquier,homme
sané,homme
scolatique,femme
servaise,femme
théogène,homme
theresine,femme
valere,homme
victorienne,femme
vidiane,femme
vinceslas,homme
yvonette,femme
zéma,femme
albina,femme
amador,homme
anatholie,femme
artemise,femme
astérie,femme
augusto,homme
barthélémye,femme
bonami,homme
callixte,homme
casiodore,homme
célima,femme
cibard,homme
conradus,homme
contessa,femme
corantin,homme
corisande,femme
dié,homme
dionis,homme
edeltrude,femme
eli,homme
élina,femme
emiliana,femme
erlande,homme
esclarmonde,femme
flavia,femme
florin,homme
frank,homme
geoffray,homme
guiral,homme
guyone,femme
henria,femme
henric,homme
janny,femme
jeromine,femme
josphine,femme
juda,homme
juillette,femme
liotte,femme
marcial,homme
matheus,homme
maudet,homme
meliau,homme
méréal,homme
olympia,femme
osias,homme
philippina,femme
philomèle,femme
rénier,homme
romarie,homme
salaberge,femme
sbastien,homme
socrate,homme
tertulien,homme
théoduline,femme
thurian,homme
vincette,femme
wolf,homme
xaverine,femme
yriex,homme
yzabelle,femme
adhéaume,homme
agatte,femme
almédorine,femme
ambroix,homme
anathole,homme
ancel,homme
aventine,femme
cleophas,homme
cosima,femme
cyrette,femme
delfine,femme
deline,femme
dolomie,femme
dolores,femme
dominic,homme
donnat,homme
édmond,homme
eléonise,femme
elizé,homme
elmyre,femme
emeri,homme
emérite,femme
emilius,homme
eustoquie,femme
falette,femme
fançoise,femme
flori,homme
fortunade,femme
frédérine,femme
gaëtane,femme
giuseppina,femme
godefroid,homme
gongat,homme
gualbert,homme
guilleaume,homme
hiacynthe,homme
hirtzel,homme
ignacio,homme
jacquelin,homme
jaime,homme
janine,femme
jaqueline,femme
jérasime,homme
joannés,homme
jorge,homme
joseh,homme
jourdan,homme
juvin,homme
leonidas,homme
loise,femme
lucinde,femme
ludine,femme
marthial,homme
maurizaz,femme
médardine,femme
méloé,femme
mickael,homme
mira,femme
nadal,homme
naillas,homme
nérée,homme
nicomède,homme
ninette,femme
nuno,homme
odonie,femme
olivette,femme
onorato,homme
onulphe,homme
oportune,femme
philistin,homme
pieter,homme
polexine,femme
tècle,femme
toinete,femme
toinon,femme
tonin,homme
vasthie,femme
venceslas,homme
vraine,femme
wandrille,homme
adélard,homme
adelia,femme
alliette,femme
amantine,femme
amy,femme
anthelmine,femme
barthèlemy,homme
basille,homme
bellanie,femme
benois,homme
bérengère,femme
bernat,homme
blasie,femme
blazie,femme
catrine,femme
célia,femme
cléophe,femme
clorinda,femme
dionise,femme
dorothy,femme
élisé,homme
emillande,femme
emille,homme
enfantmortné,homme
estère,femme
eusébe,homme
eustasie,femme
ezechiel,homme
feliciano,homme
fernanda,femme
florant,homme
gaudense,femme
geran,homme
goueznou,homme
helen,homme
idelphonse,homme
ildefonce,homme
illuminée,femme
jannie,femme
joséphina,femme
junius,homme
kaspar,homme
kendel,femme
laeticia,femme
legere,femme
leib,homme
leonor,femme
liévain,homme
lupicin,homme
margarite,femme
marguerte,femme
médéa,femme
melitine,femme
paolina,femme
pélage,homme
philémond,homme
renauld,homme
sabat,homme
santia,femme
serafino,homme
serette,femme
serin,homme
siffren,homme
sostène,homme
téophile,homme
thamec,homme
théophanie,femme
tropez,homme
urseline,femme
vicenta,femme
winocq,homme
zephirine,femme
abeilard,homme
alia,femme
allard,homme
angeluccia,femme
anomyme,homme
antoina,femme
appauline,femme
arnaudin,homme
arnaut,homme
ary,homme
auscher,homme
auspice,homme
bazil,homme
bernabé,homme
berthon,homme
bertilde,femme
birgitte,femme
bonette,femme
christiana,femme
cipriano,homme
ciril,homme
clodine,femme
cloud,homme
colas,homme
constante,femme
delle,homme
desanges,femme
donatille,femme
e,homme
egyde,homme
eleonie,femme
eliacim,homme
eliodore,homme
emilan,homme
erard,homme
eudes,homme
eudoxe,homme
eufrosine,femme
evrine,femme
gaubert,homme
genie,femme
geoffrey,homme
giuseppa,femme
graciette,femme
guénaël,homme
guilhaumes,homme
gurvalle,femme
hanry,homme
harry,homme
hierome,homme
hilarine,femme
japhet,homme
jeanna,femme
jeanpierre,homme
josefina,femme
judel,femme
judie,femme
lamoral,homme
maire,femme
majol,homme
male,homme
manuela,femme
marain,homme
marcangelo,homme
marguertie,femme
mathide,femme
matie,femme
maurizio,homme
maxellande,femme
mechtilde,femme
meinradus,homme
natalina,femme
nathé,homme
nativité,femme
niklaus,homme
ondoye,homme
ozanne,femme
ozélie,femme
pamela,femme
petrea,femme
polline,femme
queric,homme
reinhart,homme
reisel,femme
rigal,homme
rollin,homme
romanus,homme
sennen,homme
son,homme
théodoric,homme
théolinde,femme
théonille,femme
vilfrid,homme
vitus,homme
volusien,homme
zacharias,homme
zibora,femme
zipper,femme
adla,femme
agarithe,femme
albérie,femme
aléxandre,homme
anaîs,femme
anchel,homme
andrianne,femme
annastasia,femme
arille,homme
artémon,homme
athenaise,femme
augustus,homme
basilio,homme
blaisette,femme
cäcilia,femme
carmelle,femme
cérice,homme
cézard,homme
cloris,femme
coline,femme
colmann,homme
cornelia,femme
diez,homme
dominge,femme
dominiqua,femme
doucet,homme
elène,femme
elizabethe,femme
emérencienne,femme
esperansa,femme
evremond,homme
felicienne,femme
fidélis,homme
fleurus,homme
friederike,femme
geoges,homme
geörg,homme
gérault,homme
giustina,femme
goulvin,homme
guion,homme
harold,homme
isaye,homme
isbergues,femme
jeanneviève,femme
lois,homme
lorance,femme
madel,femme
marcelinne,femme
mathiasse,femme
meinard,homme
mercédès,femme
modez,homme
morille,homme
mr,homme
noellaz,femme
olinde,homme
padoue,femme
paulet,homme
prudencienne,femme
regnard,homme
reichel,femme
réné,homme
rictrude,femme
rival,homme
sephora,femme
stamata,femme
theotiste,femme
thèrése,femme
theudère,homme
thyrse,homme
tiennette,femme
vendolin,homme
xaviere,femme
zémire,femme
ade,femme
alof,homme
amécie,femme
andrè,homme
anthide,homme
arcole,homme
audine,femme
aymond,homme
barnabas,homme
bartholomaeus,homme
bernardina,femme
biaggio,homme
calix,homme
clarine,femme
clemente,homme
crucien,homme
desiderius,homme
edwin,homme
éléonie,femme
elisabeht,femme
elix,femme
ellie,homme
emérante,femme
erminia,femme
fabiano,homme
féréole,femme
fiordalice,femme
fleure,femme
florantine,femme
florus,homme
frances,femme
fréjus,homme
frigdian,homme
fructidor,homme
généviève,femme
gerand,homme
germance,femme
girolamo,homme
gitlé,femme
gontrand,homme
guilhomme,homme
hildephonse,homme
humberte,femme
jérémi,homme
jérômine,femme
joanes,homme
july,femme
lagier,homme
lipmann,homme
margarete,femme
marguaretha,femme
maternus,homme
mélodie,femme
miladie,femme
milady,femme
mirtil,homme
myrza,femme
nadale,femme
nathalis,homme
nestorine,femme
ozias,homme
pancrase,homme
paxent,homme
perronne,femme
philis,femme
providence,femme
raynald,homme
rebecque,femme
reneld,homme
rica,femme
richardine,femme
robespierre,homme
romphaire,homme
sabina,femme
sarra,femme
silvia,femme
sofie,femme
sybilla,femme
thugal,homme
tomas,homme
trudon,homme
tudual,homme
turiaf,homme
valerio,homme
venerande,femme
véronica,femme
victore,homme
wilfried,homme
agnant,homme
aignant,homme
albrecht,homme
alna,femme
angadrème,femme
annemarie,femme
appolina,femme
appolon,homme
artur,homme
athanaze,homme
auban,homme
audile,femme
beatriz,femme
bélissante,femme
berthulphe,homme
bertrane,femme
bertulphe,homme
charlote,femme
christopher,homme
clairemonde,femme
coleta,femme
consorce,femme
constantinus,homme
cornelis,homme
crispin,homme
damiano,homme
démosthène,homme
elphege,homme
émérentienne,femme
epsv,homme
evode,homme
féline,femme
fergeux,homme
fidelis,homme
fidès,femme
firminie,femme
fleurimone,femme
florimon,homme
françois,homme
fridoline,femme
gangwolf,homme
gaud,homme
géneviève,femme
géromine,femme
giambattista,homme
gilberthe,femme
guichard,homme
guilaine,femme
guiraude,femme
hermande,femme
hilda,femme
hipolitte,homme
honnorade,femme
ivo,homme
jacominette,femme
jannette,femme
jeanti,homme
joannin,homme
johanes,homme
josep,homme
julle,homme
klébert,homme
laurentia,femme
lidoire,homme
lorant,homme
luigia,femme
lyphard,homme
mames,homme
marfisa,femme
maris,femme
mathia,femme
mathieuse,femme
mauris,homme
maximilian,homme
oculi,homme
orens,homme
pasqual,homme
pavin,homme
perpète,homme
pius,homme
polinaire,homme
quenan,homme
raynaud,homme
reinette,femme
ren,homme
salvade,femme
scévole,homme
sezni,homme
sigismonde,femme
spiridion,homme
stanilas,homme
théo,homme
thomine,femme
usmer,homme
vendel,homme
victorique,homme
walbourga,femme
zénaise,femme
accurse,homme
achilles,homme
albertus,homme
alexide,femme
almaide,femme
alphrède,homme
amenaide,femme
andrès,homme
angélia,femme
anthème,homme
armanda,femme
assunta,femme
aubeline,femme
avelina,femme
azélia,femme
belzamine,femme
betsy,femme
blimle,femme
bonabes,homme
bonnefoi,homme
boris,homme
breinle,femme
brevalaire,homme
carline,femme
célinat,femme
chantale,femme
claudina,femme
claus,homme
clothaire,homme
colomba,femme
colombine,femme
cyprine,femme
dèle,homme
don,homme
donatine,femme
ema,femme
emerentianne,femme
éric,homme
esaü,homme
esthère,femme
euphosine,femme
eusoye,femme
eustachie,femme
fédora,femme
félicine,femme
felise,femme
ferdinandus,homme
fereol,homme
fleuride,femme
fleurina,femme
flix,homme
florebert,homme
fridolinus,homme
gabriella,femme
gengould,homme
geofroy,homme
géréon,homme
gerolamo,homme
giuliano,homme
glaudine,femme
godard,homme
gompertz,homme
guillomette,femme
héléonore,femme
hermanie,femme
homobon,homme
illuminé,homme
iris,femme
izaline,femme
jacqueminette,femme
janie,femme
joanin,homme
julio,homme
julles,homme
katherina,femme
lena,femme
léobonne,femme
lèon,homme
letitia,femme
locadie,femme
lumier,homme
madlaine,femme
mélida,femme
mossé,homme
naamas,homme
nadia,femme
onuphre,homme
panthaléon,homme
philippée,femme
pontian,homme
précile,femme
quitaire,femme
ranulphe,homme
rita,femme
rosoline,femme
scholatique,femme
sully,homme
tecle,femme
térèse,femme
thaise,femme
thére,femme
thèrese,femme
thre,femme
urs,homme
vernier,homme
vulphy,homme
yzabeau,femme
adéma,femme
adolphina,femme
adophe,homme
alard,homme
alesio,homme
alvine,femme
amet,homme
analie,femme
anceline,femme
antoinete,femme
arcadius,homme
arsine,femme
aurelia,femme
barberine,femme
bégnine,femme
bélisante,femme
benony,homme
bergitte,femme
bonaparte,homme
bravie,femme
casparus,homme
cathrinne,femme
catin,femme
cirette,femme
clèmence,femme
cosman,homme
cot,homme
damiens,homme
devota,femme
docité,homme
dorcas,femme
ehrhard,homme
éliana,femme
élias,homme
eliezer,homme
elisaberlh,femme
émée,femme
emerantianne,femme
émerentienne,femme
emily,femme
emphroisine,femme
eugenio,homme
euloge,homme
evroult,homme
felicita,femme
ferdinando,homme
ferry,homme
floreal,homme
florenz,homme
gaetano,homme
gedeon,homme
genovefa,femme
gil,homme
gittel,femme
godelieve,femme
goussaud,homme
graciane,femme
gregor,homme
grégorine,femme
guenin,homme
guillaine,femme
harmance,femme
henrica,femme
herblain,homme
himery,homme
homerine,femme
ide,femme
jacobéa,femme
jessé,homme
joshine,femme
josiane,femme
jovite,homme
jubin,homme
julma,femme
keillé,femme
lehman,homme
lodois,homme
lorenza,femme
ludovico,homme
maclou,homme
malvine,femme
margaretta,femme
margurite,femme
mariannette,femme
mariethérèse,femme
memie,homme
mérence,femme
néhémie,homme
nerté,femme
nézida,femme
nouelle,femme
orancie,femme
orient,homme
orphée,homme
palais,homme
perronnelle,femme
phal,homme
piant,homme
pierronne,femme
précille,femme
prieste,femme
renestine,femme
ricarde,femme
rosaire,femme
roulette,femme
rudolph,homme
salmon,homme
salvator,homme
saturline,femme
senoch,homme
soline,femme
sosthene,homme
sp,homme
sylvester,homme
sylvina,femme
théonie,femme
tual,homme
urse,homme
urzin,homme
victorina,femme
vilfride,homme
vite,homme
vrine,femme
ysidor,homme
zulima,femme
adolfe,homme
alexius,homme
ali,homme
alyette,femme
amblard,homme
angelbert,homme
ann,femme
aquilas,homme
arriette,femme
azémie,femme
beile,femme
belonie,homme
benestruc,homme
bénony,homme
bérard,homme
bibi,femme
blaisia,femme
bonet,homme
calliste,homme
carloman,homme
celerine,femme
chretienne,femme
cléophé,femme
clerc,homme
clodion,homme
conception,femme
deborah,femme
désire,homme
domnin,homme
durant,homme
edmund,homme
eme,homme
emee,femme
estasie,femme
evence,homme
fleurimont,homme
florans,homme
florantin,homme
francise,femme
franois,homme
frederika,femme
friderich,homme
gaspare,femme
géoffroi,homme
geral,homme
gersende,femme
gilis,homme
gonnery,homme
gracia,femme
hérard,homme
hermense,femme
hernestine,femme
hiérosme,homme
hilarian,homme
isorine,femme
jacobelle,femme
jaouan,homme
jassé,homme
jerosme,homme
josseline,femme
julliette,femme
léna,femme
léonnie,femme
leonore,femme
lévy,homme
linda,femme
lisabeth,femme
loüis,homme
lucian,homme
lugarde,femme
lunetta,femme
macé,homme
madelene,femme
margarithe,femme
margueite,femme
mariefrançoise,femme
marix,homme
mathern,homme
maxima,femme
merle,femme
mimi,femme
morillon,homme
nathanaël,homme
nella,femme
nicette,femme
np,homme
oréline,femme
orésine,femme
ottilie,femme
pasquina,femme
pavine,femme
philogene,homme
philomen,homme
pia,femme
praxede,femme
reiné,homme
renotte,femme
reparata,femme
rochus,homme
salve,femme
sindulphe,homme
sixt,homme
suplice,homme
thelcide,femme
thélesphore,homme
thépaut,homme
theudosie,femme
trophin,homme
trophine,femme
victurnienne,femme
zelma,femme
zephyr,homme
<living>,homme
abondance,femme
adelma,femme
adelmar,homme
admire,homme
adonie,femme
alberta,femme
alesandro,homme
almodie,femme
angelus,homme
arsinthe,femme
astolphe,homme
auréline,femme
aymardine,femme
baseline,femme
basilise,femme
benedikt,homme
berton,femme
bertran,homme
bienheuré,homme
blimlé,femme
camillus,homme
cédonie,femme
céphise,femme
childéric,homme
chrischona,femme
clairie,femme
clementina,femme
conogan,homme
cornélia,femme
coschel,homme
déborah,femme
edouardine,femme
eleonora,femme
emiel,homme
end,homme
eponine,femme
eulodie,femme
eusebie,femme
flavienne,femme
florentina,femme
francette,femme
franklin,homme
gibert,homme
gildard,homme
giordano,homme
gloriante,femme
gordien,homme
hardouin,homme
helise,femme
hermentine,femme
honnorine,femme
horélie,femme
ignazia,femme
inommée,femme
iphise,femme
jacqueme,femme
jaume,homme
jb,homme
joassine,femme
légé,homme
léopol,homme
lévi,homme
lilia,femme
linard,homme
lizette,femme
loetitia,femme
lyda,femme
magdelainne,femme
magdelet,homme
marcoux,homme
margretha,femme
marienne,femme
marzolff,homme
mattieu,homme
mendel,homme
michelangelo,homme
modere,homme
myrtile,homme
noëllie,femme
numance,homme
oger,homme
origine,femme
osvald,homme
otilia,femme
ozide,femme
pacôme,homme
paquet,homme
pasques,homme
pécine,femme
pelletier,homme
périclès,homme
philimont,homme
phylomène,femme
polite,homme
prothade,homme
remfroye,femme
remigius,homme
renet,homme
renette,femme
ruth,femme
sacra,femme
scholastica,femme
senateur,homme
serine,femme
siffroi,homme
simphorose,femme
soeurette,femme
susane,femme
thécle,femme
therence,femme
ugène,homme
ulphe,femme
valantin,homme
valent,homme
valentino,homme
venture,homme
vincentine,femme
yvonnick,homme
zelpha,femme
zéphyre,homme
alberto,homme
alfonsine,femme
amatre,homme
amice,femme
anasthaise,femme
angadresme,femme
anthoni,homme
appolanie,femme
arthémie,femme
aubéline,femme
aude,femme
bartholomäus,homme
bartolo,homme
baudel,homme
belzamie,femme
bénézet,homme
bernhardt,homme
bibiana,femme
blimond,homme
bonnefille,femme
breven,homme
calais,homme
camillia,femme
casimire,femme
castor,homme
chéry,homme
christophorus,homme
cirguette,femme
cléophile,femme
clérie,femme
cognogan,homme
contant,homme
crépine,femme
crusoline,femme
dalmas,homme
damarie,femme
dario,homme
délina,femme
dinah,femme
dominque,homme
dorina,femme
dosité,homme
egalité,femme
eliette,femme
enemond,homme
erwin,homme
etiènne,homme
eufrasie,femme
evangéliste,homme
evremont,homme
filomène,femme
fleurentin,homme
frans,homme
froment,homme
gauderic,homme
gentienne,femme
geoffroid,homme
godefride,femme
guglielmo,homme
guinal,homme
guiot,homme
hannah,femme
hermentaire,homme
hernin,homme
honoratus,homme
hortanse,femme
ildelphonse,homme
isac,homme
isidora,femme
isidoro,homme
jacqua,femme
jacquet,homme
joany,homme
juillet,homme
kaufmann,homme
kendlé,femme
leye,femme
luther,homme
maie,femme
malachie,homme
mardochee,homme
margritte,femme
markus,homme
martianne,femme
maurin,homme
mauritius,homme
maximile,femme
meven,homme
michèlle,femme
miland,homme
miliau,homme
mindle,femme
misaël,homme
monika,femme
myrtille,femme
naphtali,homme
nelson,homme
nicolase,femme
odoxie,femme
orasie,femme
oronce,homme
paris,homme
pere,homme
petra,femme
phrosine,femme
placido,homme
privatine,femme
publicie,femme
régnard,homme
roche,homme
roza,femme
rubens,homme
rufina,femme
sigebert,homme
sofia,femme
sollange,femme
stelle,femme
stéphen,homme
théobaldine,femme
thomaze,femme
thrse,femme
ulphie,femme
union,homme
vastie,femme
venantine,femme
veronika,femme
virgil,homme
zélanie,femme
zulime,femme
adulphine,femme
albans,homme
alberique,homme
alcidia,femme
alda,femme
alexendre,homme
alis,femme
amance,femme
amica,femme
angélica,femme
anné,homme
annonyme,homme
appolinia,femme
arbogastus,homme
augé,homme
aurelien,homme
b,homme
balbina,femme
baptista,femme
bathelemy,homme
bazilice,femme
benedic,homme
bénédic,homme
benjamen,homme
bérenger,homme
beylen,femme
blumel,femme
carherine,femme
carles,homme
cédulie,femme
cérine,femme
cheri,homme
christianne,femme
claudin,homme
claudio,homme
cléopatre,femme
clestin,homme
colastique,femme
consuelo,femme
contance,femme
cunigonde,femme
cydonie,femme
damian,homme
danton,homme
dauphiné,homme
déline,femme
délivrance,femme
delmance,femme
delzina,femme
dionisio,homme
docile,femme
donato,homme
dyonise,femme
eleine,femme
eléna,femme
elisabeau,femme
emérancienne,femme
emérantianne,femme
émérence,femme
émiliane,femme
esmérie,femme
eunice,femme
félicule,femme
filias,homme
florise,femme
fortunato,homme
germin,homme
giliberte,femme
gitle,femme
gobain,homme
gregorius,homme
guilloune,femme
guirons,homme
gwénolé,homme
harmand,homme
hieronimus,homme
hygin,homme
izidor,homme
janet,homme
janneton,femme
jeanie,femme
jeunie,femme
jobline,femme
josephi,homme
kate,femme
kunigunde,femme
lã©onarde,femme
laétitia,femme
lazaro,homme
léonardus,homme
leonia,femme
léopaul,homme
lievain,homme
lipman,homme
lize,femme
lukas,homme
lumina,femme
lyé,homme
macrine,femme
magali,femme
marcq,homme
margreth,femme
marielouise,femme
marite,homme
martre,femme
meen,homme
melania,femme
melec,homme
michaelis,homme
milan,homme
milca,femme
mirthil,homme
myria,femme
nais,femme
nazareth,femme
nésida,femme
nouël,homme
odine,femme
odo,homme
orange,femme
oreste,homme
origène,homme
ottavio,homme
ouën,homme
padova,femme
peroline,femme
perseverance,femme
pironelle,femme
polidore,homme
quittaire,femme
reinne,femme
reitz,femme
remeze,homme
rénée,femme
rogatienne,femme
roméo,homme
roselie,femme
savina,femme
sézarine,femme
syllas,homme
symon,homme
tatiana,femme
tell,homme
teodoro,homme
thadeus,homme
tunvelle,femme
uldaric,homme
uldéric,homme
victrice,homme
wendling,homme
yve,homme
zacarie,homme
zèlie,femme
adelheit,femme
adon,homme
agatange,homme
aglaee,femme
almérine,femme
amanthe,femme
ambrogio,homme
amos,homme
angeletta,femme
annastase,femme
ano,homme
antelmette,femme
apolinne,femme
aristobule,homme
armence,femme
arnoud,homme
atanase,homme
avril,homme
balhtazar,homme
balthazarus,homme
barthelemine,femme
beranger,homme
berthelemy,homme
berthine,femme
bertile,femme
buna,femme
carantec,homme
caude,homme
céléstin,homme
charly,homme
cheinlé,femme
chery,homme
chloé,femme
clarise,femme
claudon,femme
cristoforo,homme
damaze,homme
demetrius,homme
deyle,homme
diamantine,femme
donatile,femme
dumini,homme
eliacinthe,femme
elisabelh,femme
elisabeta,femme
elisie,femme
elmina,femme
elysa,femme
emard,homme
emerentie,femme
emilio,homme
engrâce,femme
etiene,homme
euphrosina,femme
euralie,femme
eustase,homme
éve,femme
évelina,femme
felicitee,femme
fermina,femme
fidelie,femme
filia,femme
florency,homme
franoise,femme
fredéric,homme
frederica,femme
gabin,homme
gatienne,femme
genette,femme
gennaro,homme
gerbold,homme
gilda,femme
ginette,femme
glady,femme
gracienne,femme
grazia,femme
guilhonne,femme
guiton,femme
guynot,homme
hébert,homme
henryette,femme
hertz,homme
hildegarde,femme
hugonne,femme
hurbain,homme
hyancinthe,homme
idunet,homme
izabel,femme
jayme,homme
jeannemarie,femme
joana,femme
joaquina,femme
joesph,homme
johannetta,femme
joinet,homme
jouachim,homme
jumelles,femme
jutle,femme
kauffmann,homme
l,homme
lauriant,homme
léonis,femme
leonnie,femme
léonte,femme
leuvine,femme
lô,homme
lorand,homme
lothain,homme
loüise,femme
lucca,homme
luçien,homme
lucréce,femme
madelenne,femme
madgeleine,femme
margrite,femme
marseille,homme
maturine,femme
mayeule,femme
meinrath,homme
ménanie,femme
minerve,femme
minna,femme
mister,homme
montan,homme
montine,femme
morisse,homme
myette,femme
nanci,femme
nentie,femme
nerthe,femme
noëllaz,femme
nora,femme
norine,femme
norma,femme
octavine,femme
odil,homme
ogier,homme
olivine,femme
ortence,femme
palmir,homme
pantaléonne,femme
pasteur,homme
pauldine,femme
perside,femme
phallier,homme
philippert,homme
philise,femme
philomin,homme
philotée,femme
prospera,femme
protaise,homme
raphaelle,femme
reimond,homme
renaut,homme
renne,femme
républicain,homme
restituta,femme
rmi,homme
rocq,homme
rodolphine,femme
romana,femme
ropars,homme
rosseline,femme
rozine,femme
ségolène,femme
séréné,homme
servoise,femme
sesny,homme
sigrade,femme
sirette,femme
solon,homme
sylla,femme
sylvinne,femme
syndulphe,homme
tarsile,femme
tharsille,femme
théophil,homme
théotine,femme
théraize,femme
théréze,femme
thiéry,homme
thorin,homme
tiphaine,femme
tomasina,femme
valaire,homme
viane,femme
walther,homme
zachée,homme
zea,femme
zéna,femme
zénoble,homme
zite,femme
zoraide,femme
zulmé,femme
zulmee,femme
abélina,femme
abelle,femme
adhemar,homme
adrianus,homme
adzire,femme
agnèse,femme
alphred,homme
amaurie,femme
anastazie,femme
angélus,homme
anian,homme
antone,homme
aubéry,homme
aurelio,homme
austreberte,femme
axel,homme
azaret,homme
azelie,femme
azelina,femme
babeth,femme
bartolomea,femme
bastian,homme
baudoin,homme
beauzire,homme
benine,femme
benoîst,homme
bénomi,homme
bertand,homme
briand,homme
bruneau,homme
bylienne,femme
canut,homme
carmeline,femme
cassius,homme
catarine,femme
cécil,homme
cécilie,femme
célenie,femme
chaffre,homme
chéron,homme
christofle,homme
chrysotome,homme
ciline,femme
circoncis,homme
claira,femme
clarence,femme
clarie,femme
clodia,femme
coulaud,homme
crépinien,homme
cristina,femme
davide,homme
delphis,homme
démétrius,homme
démophile,homme
dionyse,femme
dizier,homme
domeingx,femme
dona,homme
dorphine,femme
egidius,homme
emerantiane,femme
émerantienne,femme
emérentiane,femme
émery,homme
émma,femme
ephigénie,femme
ephrosine,femme
espérite,femme
estéphanie,femme
esthel,femme
etiennne,homme
eusèbie,femme
eustalie,femme
evette,femme
evy,homme
fabianne,femme
feillé,femme
féreol,homme
fidélia,femme
filliette,femme
florentinus,homme
floxel,homme
folquine,femme
fortin,homme
fortunee,femme
frozine,femme
furcie,femme
genese,femme
genevive,femme
gengout,homme
géri,homme
gillone,femme
gironde,femme
gloria,femme
godfried,homme
goetsch,homme
guillamette,femme
guillin,homme
halix,femme
haydée,femme
hélier,homme
hémélie,femme
heribert,homme
herma,femme
hipollyte,homme
hirschel,homme
honnorée,femme
innocenzio,homme
isabé,femme
isabeth,femme
jamin,homme
jammet,homme
jbaptiste,homme
joachinne,femme
joconde,femme
johanne,homme
julithe,femme
jutlé,femme
knendel,femme
knendlé,femme
laurier,homme
lazareth,femme
lazarus,homme
léonette,femme
lèontine,femme
libmann,homme
libre,homme
lida,femme
lie,homme
lodewijk,homme
lodoik,homme
loviso,homme
ludvine,femme
lunette,femme
macre,femme
magda,femme
mameth,homme
margot,femme
maría,femme
mariangélique,femme
mariel,femme
marinus,homme
maryse,femme
masculin,homme
mélenne,homme
melon,homme
methilda,femme
mondry,homme
naida,femme
nanine,femme
nathalia,femme
nathanael,homme
nelzir,homme
némorin,homme
ni,homme
nicodeme,homme
noëla,femme
noëlla,femme
odélie,femme
oiside,femme
omis,homme
onésine,homme
palmyra,femme
panoria,femme
paques,homme
pardon,homme
pasqualine,femme
pasquine,femme
petit,homme
phalette,femme
pharez,homme
phileas,homme
pothin,homme
quiriou,homme
reol,homme
rolin,homme
rosela,femme
salvien,homme
sauvaire,homme
servant,homme
servie,femme
siméone,femme
sophrone,homme
sylas,homme
tarcisse,femme
thadé,homme
thalie,femme
thenenan,homme
théodorite,homme
théresia,femme
thérésius,homme
timothee,homme
trézain,homme
urbano,homme
victoirine,femme
vidale,femme
vincentello,homme
vincentius,homme
witold,homme
ygnace,homme
zachari,homme
zenais,femme
abeillard,homme
abigaël,femme
adélade,femme
adelline,femme
adelphina,femme
adolomine,femme
aimar,homme
albertina,femme
allexandre,homme
alline,femme
aloîse,homme
altin,homme
amérine,femme
amilie,femme
anthonie,femme
antoyne,homme
auxibe,homme
azéa,femme
barra,homme
barthel,homme
barthelmy,homme
basilic,homme
bastiana,femme
béat,homme
bégnigne,femme
belisaire,homme
benezet,homme
benjamain,homme
bergite,femme
berthélémy,homme
brévenne,femme
brinlé,femme
caelina,femme
casper,homme
celse,homme
cénéric,homme
christinne,femme
ciriaci,femme
cler,homme
conrath,homme
constans,homme
corcodome,homme
delphina,femme
diego,homme
donald,homme
duminy,homme
eduardus,homme
edvina,femme
eléodore,homme
elfride,femme
emèlie,femme
emerine,femme
émilian,homme
enfants,homme
enguerrand,homme
ermand,homme
ermantine,femme
esilda,femme
etienna,femme
eucharis,femme
eudore,homme
eugènia,femme
euridice,femme
eutropie,femme
eymerie,homme
ezélie,femme
fargeau,homme
felixe,femme
félize,femme
ferdinante,femme
fidélité,femme
filbert,homme
flavy,femme
fmn,femme
fourier,homme
fraçois,homme
francelin,homme
frasine,femme
gerschel,homme
gile,homme
gotthard,homme
guenolé,homme
guidel,femme
guilhalmette,femme
henericus,homme
hierosme,homme
hilariette,femme
hiltrude,femme
hippolithe,homme
honnorat,homme
ilario,homme
ines,femme
ismar,homme
ismène,femme
izabé,femme
jacoba,femme
jeanfrançois,homme
joanis,homme
jocelyne,femme
julienna,femme
juni,femme
karel,homme
killian,homme
lafleur,homme
laurencia,femme
laurenza,femme
laurenzio,homme
lazarée,femme
leone,femme
léonilde,femme
liber,femme
liduvine,femme
limin,homme
lison,femme
madallena,femme
mamer,homme
manvieu,homme
marcéline,femme
march,homme
marguarite,femme
margueriite,femme
marguerin,homme
marider,femme
mariete,femme
marsalle,femme
meinrade,homme
mélec,homme
méloir,homme
mercédes,femme
méril,homme
mickaël,homme
milien,homme
moîse,homme
moize,homme
natalia,femme
nazare,homme
nephtaly,homme
noellie,femme
oliviero,homme
orthense,femme
osite,femme
othile,femme
pasqualina,femme
pellegrino,homme
phillippine,femme
philome,femme
pome,femme
quaterine,femme
quenin,homme
quintine,femme
raisin,homme
reinhardt,homme
réjane,femme
rène,femme
richarda,femme
rosamée,femme
rosana,femme
samarco,homme
sandrine,femme
santiago,homme
saul,homme
sélénie,femme
sérafine,femme
seurin,homme
silver,homme
sohn,homme
sosthènes,homme
spérat,homme
susan,femme
sylvestrine,femme
taddeo,homme
thélésie,femme
thérse,femme
thobie,homme
tranquil,homme
ubalde,homme
valbourge,femme
valeri,homme
vélastine,femme
vénérance,femme
venerante,femme
véturie,femme
victoriane,femme
virginius,homme
virginy,femme
vittore,homme
walbert,homme
waldemar,homme
wasnon,homme
willebaud,homme
xainte,femme
zachary,homme
zelima,femme
zephyrin,homme
adeleine,femme
adena,femme
agnetis,femme
albat,homme
aleth,femme
alixte,femme
alméria,femme
alonzo,homme
amazélie,femme
amestie,femme
ami,homme
anathase,homme
anémone,femme
aniol,homme
antonetto,homme
antonino,homme
arcange,homme
arceline,femme
artidor,homme
astélie,femme
atilie,femme
audrey,femme
azénaide,femme
bache,homme
bald,homme
bale,homme
balhtazard,homme
bartelemi,homme
bartolommeo,homme
bayard,homme
beillé,femme
bénestruc,homme
bessele,femme
bienaimée,femme
bilienne,femme
bissel,femme
carlino,homme
carmela,femme
carméline,femme
carol,homme
carolie,femme
catulle,homme
césard,homme
cesarie,femme
charlot,homme
cheinle,femme
claisia,femme
clébert,homme
clementia,femme
clermont,homme
clestine,femme
climaque,homme
clodius,homme
clossinde,femme
collas,homme
constantien,homme
constentin,homme
corantine,femme
cornély,homme
cosimo,homme
couronnée,femme
créscence,femme
crétien,homme
cristobal,homme
cruciano,homme
cyriacus,homme
d,homme
damasie,femme
daughter,femme
derien,homme
domeings,femme
edoire,homme
eléana,femme
elene,femme
elenne,femme
éli,homme
eliacine,femme
elois,homme
émir,homme
emire,homme
engélique,femme
enoch,homme
eon,homme
erhart,homme
ernesta,femme
eulalia,femme
eustate,homme
favien,homme
feist,homme
felicitée,femme
fernandine,femme
fine,femme
firma,femme
flavine,femme
fleurimonde,femme
floréale,femme
florente,femme
flourine,femme
foilain,homme
fronika,femme
froumette,femme
fulerand,homme
gangolfus,homme
genereux,homme
genèse,femme
genviève,femme
glodine,femme
glorvina,femme
guenael,homme
guilheme,femme
guillame,homme
hélain,homme
hèlène,femme
héracle,homme
hermès,homme
herzélie,femme
hiéronime,femme
hillarion,homme
hippolitte,homme
honorin,homme
hursule,femme
ignati,homme
isabau,femme
isaîe,homme
jeanlouis,homme
jendel,femme
joachaim,homme
johanny,homme
jos,femme
josefine,femme
judéon,homme
kilien,homme
ladoiska,femme
lamartine,homme
lauran,homme
laurenzia,femme
leonardo,homme
léontusse,homme
liberal,homme
lidy,femme
liger,homme
lodovico,homme
loisa,femme
luca,homme
lucchino,homme
lunaire,homme
mainrad,homme
manassès,homme
marcouf,homme
marguerith,femme
marietta,femme
marlise,femme
maryanne,femme
marye,femme
marylis,femme
marzolf,homme
mathéa,femme
matherne,homme
maurisse,femme
maxellance,femme
maximain,homme
mélard,homme
mélissa,femme
momble,homme
mortimer,homme
morvan,homme
nazarette,femme
nazette,femme
nicoletta,femme
noemi,femme
olida,femme
olimpiade,femme
olimpie,femme
orazio,homme
ottavia,femme
pagona,femme
palémon,homme
paquier,homme
perrete,femme
petroline,femme
pétronile,femme
peyronnelle,femme
pharaide,femme
philippie,femme
philogome,homme
phocion,homme
phrasine,femme
piera,femme
polidoro,homme
poncelet,homme
porphire,homme
pricille,femme
quentien,homme
quirine,femme
rachele,femme
raymon,homme
remise,femme
renan,homme
révérend,homme
richardus,homme
rion,homme
rite,femme
rivoal,homme
roberto,homme
rollandine,femme
romé,femme
romeline,femme
rosinne,femme
rosy,femme
salvie,femme
sansvie,femme
santina,femme
santino,homme
scheyen,homme
silénie,femme
siméonne,femme
stéphanus,homme
stylite,femme
sylvio,homme
theodorus,homme
theodosine,femme
théorine,femme
théotile,femme
théreze,femme
thérézine,femme
thiburce,homme
thiérry,homme
thiriette,femme
thuribe,homme
tienne,homme
tranquillin,homme
ulmar,homme
urbanie,femme
usmart,homme
valèrie,femme
vénoc,homme
vertu,femme
victoris,homme
vidianne,femme
vulmaire,homme
waldburge,femme
wanda,femme
winnoc,homme
woldemar,homme
yorick,homme
ypolite,homme
zenon,homme
zoila,femme
abram,homme
achiel,homme
ada,femme
adelain,homme
adile,femme
adméria,femme
agnette,femme
aguste,homme
alcée,homme
alexandraz,femme
alize,femme
alphone,homme
amata,femme
aména,femme
amestine,femme
anders,homme
andréline,femme
anschaire,homme
antonietta,femme
aquiline,femme
ardouin,homme
armanse,femme
balthasarus,homme
barde,femme
bazilique,femme
bélizaire,homme
beloni,homme
benoîste,femme
bérold,homme
beyle,femme
blaisaz,femme
blaizine,femme
bréven,homme
brevenne,femme
brune,femme
burgard,homme
caecilia,femme
camiel,homme
candice,femme
carolline,femme
cartherine,femme
cassienne,femme
castille,femme
catheine,femme
cérille,homme
césarée,femme
chrysosthome,homme
ciprienne,femme
cirque,homme
claudinne,femme
clève,femme
colbert,homme
coraline,femme
cornélius,homme
cunis,homme
cyrius,homme
damascène,homme
dele,homme
demetre,homme
digne,femme
docithé,homme
dorine,femme
edmire,femme
edmon,homme
edmondine,femme
eléazar,homme
elice,femme
elidie,femme
élize,femme
elle,femme
emerentia,femme
entoine,homme
erik,homme
ernesto,homme
esmerie,femme
estebenie,femme
estiene,homme
étienette,femme
ettel,femme
euphémine,femme
eymeri,homme
febronie,femme
federico,homme
felicianne,femme
fergel,homme
feyele,femme
filibert,homme
fiordispina,femme
fran,homme
franðcoise,femme
fromental,homme
fuscienne,femme
gaillard,homme
gangolphe,homme
geffline,femme
geromine,femme
geronima,femme
gertude,femme
gilone,femme
gioanni,homme
giovacchino,homme
giovani,homme
girou,homme
gracchus,homme
grard,homme
guenel,homme
guennel,homme
guilliaumette,femme
guilmette,femme
guionne,femme
gustaaf,homme
güttel,femme
guyomard,homme
hadelin,homme
hannette,femme
harriet,femme
heimann,homme
henoch,homme
henriete,femme
henrique,femme
herménie,femme
hormidas,homme
ilda,femme
innocenza,femme
ionis,homme
irmance,femme
isilda,femme
isodorine,femme
jason,homme
jasques,homme
jeamme,homme
jean+,homme
jeannes,femme
jeannot,homme
jenne,femme
jeran,homme
jeuni,femme
johanetta,femme
josepf,homme
jozef,homme
jp,homme
juline,femme
justa,femme
keile,femme
kind,homme
klara,femme
léonardine,femme
léonhard,homme
léoni,homme
lèonie,femme
léonnard,homme
leu,homme
liberate,femme
lima,femme
loic,homme
lucianne,femme
maclovie,femme
madeleigne,femme
madellaine,femme
magdaleina,femme
magdelain,homme
maider,femme
marcellus,homme
marchand,homme
marcoul,homme
margarette,femme
mariet,homme
marija,femme
marilis,femme
marise,femme
marjolaine,femme
marthes,femme
maude,femme
médarine,femme
medart,homme
médon,homme
mèlanie,femme
meriadec,homme
michéle,femme
milia,femme
miltiade,homme
mion,femme
mlanie,femme
morin,homme
morte,femme
nadège,femme
nadejda,femme
narcis,homme
natal,homme
nehuma,femme
nicolaas,homme
noëmi,femme
nohémie,femme
norbertus,homme
odylle,femme
olivie,femme
ophélia,femme
orelie,femme
otilie,femme
oulry,homme
ovine,femme
oxensine,femme
pairine,femme
pantaléone,femme
paolino,homme
paulite,femme
perceval,homme
pernelle,femme
pessine,femme
philemond,homme
philicien,homme
philimon,homme
philippinne,femme
philomée,femme
phocas,homme
pierrejoseph,homme
polixene,femme
pompé,homme
pompee,femme
pontien,homme
prime,homme
priscile,femme
prisque,femme
quitère,femme
raffaello,homme
rafine,femme
reissel,femme
renilde,femme
rinaldo,homme
riou,homme
roma,femme
romano,homme
romari,homme
rosier,homme
sabas,homme
sanvitus,homme
sébran,homme
selma,femme
serain,homme
serdot,homme
serene,femme
sigolène,femme
silvere,homme
simeone,homme
simphorienne,femme
siprien,homme
sivain,homme
sophonie,femme
stefania,femme
stephana,femme
térence,femme
terese,femme
tertullien,homme
thaddée,homme
théobalt,homme
théodile,femme
théodulphe,homme
théophille,homme
théophrède,homme
theresse,femme
thibauld,homme
thiébauld,homme
thimothe,homme
toinnette,femme
toussains,homme
valérienne,femme
valmon,homme
vendal,homme
vendicienne,femme
verene,femme
vivian,homme
volcy,femme
wendolin,homme
wilfred,homme
wilfride,homme
wilibald,homme
yolaine,femme
ysabel,femme
zerlé,femme
zina,femme
abdou,homme
adélaèède,femme
adèlle,femme
adhésire,femme
adophine,femme
adriana,femme
aegidius,homme
agar,femme
agnian,homme
agustin,homme
agustine,femme
albaine,femme
alexendrine,femme
aliva,femme
allannette,femme
aloÿs,homme
alphoncine,femme
amarie,femme
ambert,homme
amlie,femme
amyelle,femme
andr~,homme
andrã©,homme
andriane,femme
ane,femme
angadreme,femme
angélie,femme
angèline,femme
annestase,femme
anthoinaz,femme
appolixine,femme
arcenne,homme
argentin,homme
ariane,femme
ariat,femme
arseline,femme
arthémine,femme
arthumine,femme
artilia,femme
ascagne,homme
aster,homme
augustain,homme
auriette,femme
aybert,homme
azelma,femme
baby,femme
barthl,homme
basilius,homme
battistina,femme
beilé,femme
belanie,femme
bénel,homme
bénin,homme
bénomie,femme
berthomier,homme
béthaire,homme
blumelé,femme
brégide,femme
burcard,homme
cajétan,homme
célèste,femme
célèstine,femme
célinia,femme
céranie,femme
chailly,homme
chatrine,femme
chérubine,femme
christosome,homme
cleophe,femme
colombant,homme
contemporain,homme
cordélia,femme
cosmes,homme
cresence,femme
cressence,femme
crisostome,homme
délia,femme
deslotte,femme
dinel,femme
dolinda,femme
domange,femme
dono,homme
dorotée,femme
dorothe,femme
ediltrude,femme
edin,homme
eduardo,homme
edvige,femme
egmont,homme
ehrard,homme
élaine,femme
eléosippe,homme
élia,femme
elieser,homme
elisaberth,femme
elisabteh,femme
emerande,femme
émérentine,femme
émilianne,femme
emilina,femme
emillienne,femme
engelhardt,homme
englebertine,femme
ensv,homme
ephise,homme
épiphane,homme
erige,homme
ermenegilde,homme
erosme,homme
esmiland,homme
estienette,femme
euchère,homme
eugènius,homme
evrain,homme
exorine,femme
fausta,femme
fegele,femme
félida,femme
fleurante,femme
flicien,homme
floresca,femme
florienne,femme
flourette,femme
fortunatus,homme
fraçoise,femme
fransiska,femme
frédéricq,homme
frejoux,homme
frezal,homme
frize,femme
fuleran,homme
galmier,homme
gellen,femme
gémina,femme
gemmes,femme
genefort,homme
genis,homme
gerardine,femme
gibertrude,femme
gilet,homme
gioachino,homme
giry,homme
godechaux,homme
goustan,homme
guénel,homme
guerine,femme
guilllaume,homme
guitel,femme
gullaume,homme
héliette,femme
hellene,femme
hendrik,homme
hennoch,homme
herbot,homme
herculin,homme
hermeland,homme
hermenegild,homme
hildegonde,femme
hintié,femme
holf,homme
hündel,femme
huon,homme
hurbin,homme
hyerosme,homme
hypoline,femme
hyronimus,homme
ignatus,homme
innommé,homme
iréna,femme
isay,homme
izabau,femme
izilda,femme
jacquete,femme
jeanet,homme
jeangeorges,homme
jentle,femme
jh,homme
joani,homme
joaquin,homme
jolie,femme
joly,femme
josime,homme
jouvin,homme
julianus,homme
juttel,femme
katharine,femme
keille,femme
laurency,femme
laurentie,femme
léante,femme
léonia,femme
léonile,femme
léopolde,femme
léticia,femme
levi,homme
liberata,femme
lidi,femme
lidia,femme
lilla,femme
lore,femme
lorens,homme
ma,femme
magnus,homme
mamers,homme
marcaurelio,homme
marcuccia,femme
marcuccio,homme
margrethe,femme
marguerita,femme
mariangela,femme
marigno,femme
maritte,homme
marphise,femme
martel,homme
mathié,femme
matias,homme
mattéo,homme
mattheus,homme
maure,homme
maximie,femme
maximim,homme
mélantine,femme
mélusine,femme
menoux,homme
mercurio,homme
messidore,femme
mfrançoise,femme
michellette,femme
mile,homme
miniquette,femme
modest,homme
moyze,homme
naphtaly,homme
napoline,femme
nathaline,femme
nathaniel,homme
nectere,homme
nissim,homme
nizière,femme
noél,homme
nöel,homme
odivine,femme
olésime,femme
ombéline,femme
onesiphore,homme
onezine,homme
onorata,femme
oreillie,femme
orélia,femme
orien,homme
orsantonio,homme
osmane,femme
othmar,homme
paquette,femme
pascual,homme
patris,homme
paulinon,femme
pécinne,femme
pellagie,femme
perlé,femme
perpet,homme
perronelle,femme
pétronnille,femme
peyroune,femme
philarète,homme
philippo,homme
philothée,femme
philppe,homme
pierra,femme
probe,homme
pyyy,femme
quirinus,homme
rault,homme
réginette,femme
reparate,femme
reymon,homme
roque,homme
roséma,femme
rossolina,femme
roustan,homme
roux,homme
sage,femme
sansin,homme
savenie,femme
sélanie,femme
sénéchal,homme
séphirin,homme
séraphina,femme
seraphinus,homme
sévérine,femme
siagre,homme
sifroy,homme
sinoise,femme
sorle,femme
spérie,femme
stanis,homme
stasie,femme
stéphany,homme
sylviane,femme
tarsille,femme
théophilie,femme
thierri,homme
thiers,homme
trephine,femme
tugal,homme
ursain,homme
ursmérie,femme
vandrille,homme
vendlin,homme
venturino,homme
véréna,femme
viala,homme
viktoria,femme
vincenso,homme
virgina,femme
viriginie,femme
vittorio,homme
vladimir,homme
voluzien,homme
wilbert,homme
wilgeforte,femme
wilhelmus,homme
wladimir,homme
yacinte,homme
ysaac,homme
yves^,homme
zeline,femme
zena,femme
zita,femme
adélaÿde,femme
adelfine,femme
adelie,femme
adérald,homme
adhémard,homme
adolescence,femme
adolie,femme
adomine,femme
aglaëe,femme
aglantine,femme
aimond,homme
ajax,homme
alberti,homme
alby,homme
alexice,femme
allise,femme
alphonsus,homme
alphrede,homme
alpinienne,femme
alsidie,femme
amarinus,homme
ambrois,homme
amédéa,femme
amnistie,femme
anatolia,femme
andresine,femme
andrivette,femme
andronic,homme
androphile,homme
anglantine,femme
annunziata,femme
anoux,femme
anthonine,femme
antoinine,femme
aoust,homme
apollone,femme
appolix,homme
arabelle,femme
archambeau,homme
arcine,femme
argile,femme
aricie,femme
aristarque,homme
arsénie,femme
arthemon,homme
aspasia,femme
aurel,homme
ausser,homme
avé,femme
avie,femme
avite,homme
babylas,homme
baldine,femme
baltasar,homme
barnabar,homme
bartelemy,homme
bartoloméo,homme
bathélemy,homme
battine,femme
baudelle,homme
bazilie,femme
baziline,femme
béhau,homme
beilen,femme
bellone,femme
bellony,homme
bélony,homme
bénanie,femme
bénissante,femme
benoid,homme
berard,homme
bert,homme
betty,femme
caesar,homme
calixe,homme
carine,femme
carissime,femme
carolin,homme
catherine+,femme
célerin,homme
celestino,homme
césarinne,femme
chantalle,femme
chatle,femme
cherie,femme
chistophe,homme
christhophe,homme
christophaz,femme
clémène,femme
clémentia,femme
cléomire,femme
clermonne,femme
climene,femme
clmence,femme
cloé,femme
clothide,femme
constan,homme
cordulle,femme
côsme,homme
cyrène,femme
débora,femme
dionisius,homme
doralisse,femme
doris,femme
egérie,femme
églé,femme
eléanore,femme
elèonore,femme
eliabeth,femme
elissa,femme
elizabetha,femme
elme,homme
eloyse,femme
elsie,femme
elysee,homme
elzire,femme
émeric,homme
emmanuël,homme
emme,femme
emmée,femme
enrique,homme
éphraim,homme
ermelinde,femme
ermina,femme
escolastique,femme
évodie,femme
fabiane,femme
fauchette,femme
félicié,femme
félie,femme
felipe,homme
félixine,femme
féry,homme
fifine,femme
fourrier,homme
franãssoise,femme
françeline,femme
frangois,homme
franois,homme
fratié,femme
frimaire,homme
galdéric,homme
gasparo,homme
gebertrude,femme
genevève,femme
genevière,femme
génitour,homme
gennevieve,femme
géralde,femme
geraude,femme
gerbert,homme
gernance,femme
geroges,homme
gervaix,homme
girolama,femme
gironne,femme
godeberte,femme
godeberthe,femme
golven,homme
gondelbert,homme
goulvain,homme
grimaldo,homme
guenal,homme
guignolay,homme
guiguite,femme
guilhelmine,femme
guilhome,homme
guillerme,femme
guilliaume,homme
gulcien,homme
gutel,femme
habrahim,homme
hanne,femme
hannibal,homme
harmante,femme
hectoria,femme
hedvige,femme
hélisabeth,femme
helvina,femme
hély,homme
hermione,femme
hertzel,homme
hester,femme
himerius,homme
hipolithe,homme
hombert,homme
hunégonde,femme
hyérome,homme
hyeronimus,homme
hyérosme,homme
hypolythe,homme
irèné,homme
isaak,homme
isambart,homme
isméric,femme
ivonne,femme
iwan,homme
jack,homme
jacut,homme
jamme,homme
jaouen,homme
jeannetton,femme
jeremy,homme
joachain,homme
jodocus,homme
jorim,homme
jouassin,homme
jourdaine,femme
judicael,homme
judocus,homme
junille,femme
juvence,homme
knabe,homme
koschel,homme
laide,femme
lamy,homme
landelinus,homme
landri,homme
laurentz,homme
lavinia,femme
leocardie,femme
léonelle,femme
leonne,femme
léopole,homme
leufroy,homme
lily,femme
lodoix,homme
loisine,femme
lon,homme
lonie,femme
lovely,femme
luçie,femme
lucilia,femme
lucque,homme
ludegarde,femme
luper,homme
madelein,femme
madgelaine,femme
magdalène,femme
magdeleyne,femme
majan,homme
malga,femme
mardoché,homme
marem,homme
margeritte,femme
mariange,femme
marilys,femme
mars,homme
martín,homme
matieu,homme
maudan,homme
maximillienne,femme
médarde,femme
mein,homme
melchiade,homme
melchiore,homme
melia,femme
mélisse,femme
melkior,homme
melle,femme
mémmie,homme
mermet,homme
micael,homme
micaglia,homme
michelaz,femme
mirtille,femme
miss,femme
modesta,femme
moina,femme
monaca,femme
mondésir,homme
moré,homme
mundel,femme
musette,femme
na,femme
natalino,homme
nataly,femme
nicolas+,homme
nikolas,homme
noelly,femme
norberthe,femme
odillon,homme
onesine,homme
orisine,femme
othille,femme
oyen,homme
padivoria,femme
padovano,homme
palmira,femme
pancrate,homme
parthem,homme
paulien,homme
pellegrine,femme
perec,homme
persévérande,femme
petre,femme
pêtre,femme
petronnille,femme
peyre,homme
phélix,homme
phénomène,femme
philéasse,femme
philidore,homme
phillip,homme
pian,homme
pietrino,homme
pietronella,femme
pitre,homme
polinne,femme
preuve,femme
privas,homme
proper,homme
proserpine,femme
prudenzia,femme
qualbert,homme
rahel,femme
rainelde,femme
raphaêl,homme
reisla,femme
rémiette,femme
renatus,homme
restitute,femme
révérien,homme
rodolph,homme
rodrigue,homme
rosale,femme
rosanna,femme
rosélie,femme
rosilla,femme
rostan,homme
ruppert,homme
salvate,femme
samuelle,femme
seine,homme
sélim,homme
sevère,homme
sidney,homme
sigefroi,homme
silvina,femme
simplicie,femme
soffie,femme
spiridon,homme
stefanina,femme
taumaphile,femme
terzie,femme
th,homme
thecla,femme
théodorique,homme
theodosie,femme
théodulaz,femme
théophyle,homme
théotise,femme
thibaude,femme
thomé,homme
usmérine,femme
valbourgue,femme
valière,femme
valmire,homme
vanina,femme
vébert,homme
veneziana,femme
venise,femme
véronika,femme
vidalle,femme
viergine,femme
vinçent,homme
vix,homme
vulgand,homme
waast,homme
winnocq,homme
xyste,homme
zara,femme
zéraphin,homme
zimle,femme
